"dimensao","nome_canonico","nome_legado","nome_na_fonte","descricao","unidade","escala","tipo","dominio_valido","tipo_real","pct_na","n_distintos","minimo","maximo","n_infinito","confianca_inferencia","revisao_pendente","motivo_revisao","problema","acao","tabela","conceito","obrigatoria"
"00_diretorios","id_municipio","id_municipio","id_municipio","ID Município - IBGE 7 Dígitos","codigo","identificador","character","","character",0.007,5570,,,0,"alta",FALSE,"","","manter","00_diretorios/municipios",,TRUE
"00_diretorios","id_municipio_6","id_municipio_6","id_municipio_6","ID Município - IBGE 6 Dígitos","codigo","identificador","character","","character",0.197,5570,,,0,"alta",FALSE,"","","manter","00_diretorios/municipios",,FALSE
"00_diretorios","id_municipio_tse","id_municipio_tse","id_municipio_tse","ID Município - Tribunal Superior Eleitoral (TSE)","texto","categorica","character","","character",0.197,5570,,,0,"alta",FALSE,"","","manter","00_diretorios/municipios",,FALSE
"00_diretorios","id_municipio_rf","id_municipio_rf","id_municipio_rf","ID Município - Receita Federal (RF)","texto","categorica","character","","character",0.197,5570,,,0,"alta",FALSE,"","","manter","00_diretorios/municipios",,FALSE
"00_diretorios","id_municipio_bcb","id_municipio_bcb","id_municipio_bcb","ID Município - Banco Central do Brasil (BCB)","texto","categorica","character","","character",0.197,5570,,,0,"alta",FALSE,"","","manter","00_diretorios/municipios",,FALSE
"00_diretorios","nome_municipio","nome_municipio","nome_municipio","Nome do município","texto","categorica","character","","character",0.197,5297,,,0,"alta",FALSE,"","","manter","00_diretorios/municipios",,FALSE
"00_diretorios","flag_capital_uf","capital_uf","capital_uf","Município é a Capital da Unidade da Federação","booleano","binaria","integer","[0,1]","character",0.197,2,,,0,"alta",FALSE,"","integer64 0/1, mas o nome se le como 'a UF da capital'; sem prefixo de flag","renomear","00_diretorios/municipios",,FALSE
"00_diretorios","id_comarca","id_comarca","id_comarca","ID Sede Comarca","texto","categorica","character","","character",0.197,2762,,,0,"alta",FALSE,"","","manter","00_diretorios/municipios",,FALSE
"00_diretorios","id_regiao_saude","id_regiao_saude","id_regiao_saude","ID Região de Saúde","texto","categorica","character","","character",0.197,450,,,0,"alta",FALSE,"","","manter","00_diretorios/municipios",,FALSE
"00_diretorios","nome_regiao_saude","nome_regiao_saude","nome_regiao_saude","Nome da Região de Saúde","texto","categorica","character","","character",0.197,440,,,0,"alta",FALSE,"","","manter","00_diretorios/municipios",,FALSE
"00_diretorios","id_regiao_imediata","id_regiao_imediata","id_regiao_imediata","ID Região Imediata - IBGE","texto","categorica","character","","character",0.197,510,,,0,"alta",FALSE,"","","manter","00_diretorios/municipios",,FALSE
"00_diretorios","nome_regiao_imediata","nome_regiao_imediata","nome_regiao_imediata","Nome da Região Imediata","texto","categorica","character","","character",0.197,508,,,0,"alta",FALSE,"","","manter","00_diretorios/municipios",,FALSE
"00_diretorios","id_regiao_intermediaria","id_regiao_intermediaria","id_regiao_intermediaria","ID Região Intermediária - IBGE","texto","categorica","character","","character",0.197,133,,,0,"alta",FALSE,"","","manter","00_diretorios/municipios",,FALSE
"00_diretorios","nome_regiao_intermediaria","nome_regiao_intermediaria","nome_regiao_intermediaria","Nome da Região Intermediária","texto","categorica","character","","character",0.197,133,,,0,"alta",FALSE,"","","manter","00_diretorios/municipios",,FALSE
"00_diretorios","id_microrregiao","id_microrregiao","id_microrregiao","ID Microrregião - IBGE","texto","categorica","character","","character",0.197,558,,,0,"alta",FALSE,"","","manter","00_diretorios/municipios",,FALSE
"00_diretorios","nome_microrregiao","nome_microrregiao","nome_microrregiao","Nome da Microrregião","texto","categorica","character","","character",0.197,554,,,0,"alta",FALSE,"","","manter","00_diretorios/municipios",,FALSE
"00_diretorios","id_mesorregiao","id_mesorregiao","id_mesorregiao","ID Mesorregião - IBGE","texto","categorica","character","","character",0.197,137,,,0,"alta",FALSE,"","","manter","00_diretorios/municipios",,FALSE
"00_diretorios","nome_mesorregiao","nome_mesorregiao","nome_mesorregiao","Nome da Mesorregião","texto","categorica","character","","character",0.197,137,,,0,"alta",FALSE,"","","manter","00_diretorios/municipios",,FALSE
"00_diretorios","id_regiao_metropolitana","id_regiao_metropolitana","id_regiao_metropolitana","Lista de ID's da Região Metropolitana - IBGE","texto","categorica","character","","character",74.311,83,,,0,"alta",FALSE,"","","manter","00_diretorios/municipios",,FALSE
"00_diretorios","nome_regiao_metropolitana","nome_regiao_metropolitana","nome_regiao_metropolitana","Lista de nomes da Região Metropolitana","texto","categorica","character","","character",74.311,86,,,0,"alta",FALSE,"","","manter","00_diretorios/municipios",,FALSE
"00_diretorios","ddd","ddd","ddd","Código de Discagem Direta a Distância (DDD)","texto","categorica","character","","character",0.197,67,,,0,"alta",FALSE,"","","manter","00_diretorios/municipios",,FALSE
"00_diretorios","id_uf","id_uf","id_uf","ID da Unidade da Federação - IBGE","texto","categorica","character","","character",0.197,27,,,0,"alta",FALSE,"","","manter","00_diretorios/municipios",,FALSE
"00_diretorios","nome_uf","nome_uf","nome_uf","Nome da Unidade da Federação","texto","categorica","character","","character",0.197,27,,,0,"alta",FALSE,"","","manter","00_diretorios/municipios",,FALSE
"00_diretorios","nome_regiao","nome_regiao","nome_regiao","Nome da Grande Região Brasileira","texto","categorica","character","","character",0.197,5,,,0,"alta",FALSE,"","","manter","00_diretorios/municipios",,FALSE
"00_diretorios","flag_amazonia_legal","amazonia_legal","amazonia_legal","Indicador se o município faz parte da Amazônia Legal","booleano","binaria","integer","[0,1]","character",0.197,2,,,0,"alta",FALSE,"","Flag 0/1 sem prefixo; tipo integer64 em diretorios.RData e character em meio_ambiente.RData","renomear","00_diretorios/municipios",,FALSE
"00_diretorios","centroide_wkt","centroide","centroide","Centroide do município","texto","categorica","character","","character",0.197,5570,,,0,"alta",FALSE,"","Tipo wk_wkt em diretorios.RData que vira character no xlsx; sem CRS nem formato no nome","renomear","00_diretorios/municipios",,FALSE
"02_populacao","ano","ano","ano","Ano da coleta de dados","texto","categorica","character","","character",0,33,,,0,"alta",TRUE,"tipo declarado 'double' divergia do real 'character'","Chave do painel com cinco tipos diferentes entre dimensoes (numeric, character, integer, integer64) e coercao manual em cada join do municipalityBR.qmd","renomear","",,TRUE
"02_populacao","populacao_residente_i","populacao","populacao","População estimada IBGE","contagem","contagem","double","[0,Inf]","double",0.494,54860,652,12396372,0,"media",FALSE,"inferência de escala/unidade a confirmar","Generico; colide com a populacao da dim 4 (removida em municipalityBR.qmd:97) e semanticamente com populacao_atendida_agua/esgoto/urbana do SNIS","renomear","",,FALSE
"02_populacao","censo_catolicos_prop","prop_catolicos","prop_catolicos","Proporção da população católica, códigos do Censo de 2010 e 2000 retirados do ISER","proporcao","0-1","double","[0,1]","double",38.586,11069,0.0776953709296112,1,0,"alta",TRUE,"tipo declarado 'character' divergia do real 'double'","Prefixo prop_ em vez de sufixo de escala; declarada STRING no dicionario e numeric em populacao_brasileira.RData","renomear","",,FALSE
"02_populacao","censo_evangelicos_pentecostais_prop","prop_evangelicos_pentecostais","prop_evangelicos_pentecostais","Proporção da população evangélicos pentecostais, códigos do Censo de 2010 e 2000 retirados do ISER","proporcao","0-1","double","[0,1]","double",38.586,11052,0,0.522453684379182,0,"alta",FALSE,"","Prefixo prop_ sem sufixo de escala (0-1)","renomear","",,FALSE
"02_populacao","censo_evangelicos_missao_prop","prop_evangelicos_missao","prop_evangelicos_missao","Proporção da população evangélicos de missão, códigos do Censo de 2010 e 2000 retirados do ISER","proporcao","0-1","double","[0,1]","double",38.586,10290,0,0.803723890924013,0,"alta",FALSE,"","Prefixo prop_ sem sufixo de escala (0-1)","renomear","",,FALSE
"02_populacao","censo_espiritas_prop","prop_espiritas","prop_espiritas","Proporção da população espíritas, códigos do Censo de 2010 e 2000 retirados do ISER","proporcao","0-1","double","[0,1]","double",38.586,7322,0,0.455409895656041,0,"alta",FALSE,"","Prefixo prop_ sem sufixo de escala (0-1)","renomear","",,FALSE
"02_populacao","censo_matriz_africana_prop","prop_matriz_africana","prop_matriz_africana","Proporção da população religiões de matriz africana, códigos do Censo de 2010 e 2000 retirados do ISER","proporcao","0-1","double","[0,1]","double",38.586,3191,0,0.0677579158348801,0,"alta",FALSE,"","Prefixo prop_ sem sufixo de escala (0-1)","renomear","",,FALSE
"02_populacao","ano_ref_censo_religiao","ano_censo","ano_censo","Ano de realização do Censo","codigo","identificador","double","","double",38.581,2,2000,2010,0,"alta",FALSE,"","Generico: nao diz que e o ano do Censo de religiao (2000/2010) replicado sobre 1996-2015; mesmo padrao de ano_avs, ano_ideb, ano_eleicao, ano_inicio","renomear","",,FALSE
"03_meio_ambiente","s2id_desastres_i","total_desastres","total_desastres","Total desastres município ano","contagem","contagem","double","[0,Inf]","double",0.197,36,0,63,0,"media",FALSE,"inferência de escala/unidade a confirmar","Prefixo total_ generico, sem fonte (S2iD/Atlas de Desastres) e sem sufixo de contagem","renomear","",,FALSE
"03_meio_ambiente","s2id_pessoas_afetadas_desastre_i","total_pessoas_afetadas","total_pessoas_afetadas","Total pessoas afetadas desastres município ano","contagem","contagem","double","[0,Inf]","double",0.197,9753,0,2100000,0,"media",FALSE,"inferência de escala/unidade a confirmar","Idem; nao diz que e afetadas POR DESASTRE","renomear","",,FALSE
"03_meio_ambiente","s2id_danos_materiais_brl2023","total_danos_materiais","total_danos_materiais","Total danos materiais desastres município ano","R$","monetaria","double","","double",0.197,9846,0,7135243811.34,0,"media",FALSE,"inferência de escala/unidade a confirmar","Valor monetario sem unidade e sem indicacao de deflacao","renomear","",,FALSE
"03_meio_ambiente","s2id_prejuizos_publicos_brl2023","total_prejuizos_publicos","total_prejuizos_publicos","Total prejuízos públicos desastres município ano (valor deflacionado para dezembro de 2023)","R$","monetaria","double","","double",0.197,18636,0,984777420.105115,0,"media",FALSE,"inferência de escala/unidade a confirmar","Valor monetario sem unidade e sem indicacao de deflacao","renomear","",,FALSE
"03_meio_ambiente","s2id_prejuizos_privados_brl2023","total_prejuizos_privados","total_prejuizos_privados","Total prejuízos privados desastres município ano (valor deflacionado para dezembro de 2023)","R$","monetaria","double","","double",0.197,24645,0,8527998469.76073,0,"media",FALSE,"inferência de escala/unidade a confirmar","Valor monetario sem unidade e sem indicacao de deflacao","renomear","",,FALSE
"03_meio_ambiente","s2id_desastres_climatologicos_i","total_desastres_climatologicos","total_desastres_climatologicos","Total desastres climatológicos município ano","contagem","contagem","double","[0,Inf]","double",0.197,20,0,62,0,"media",FALSE,"inferência de escala/unidade a confirmar","Prefixo total_ generico; a familia tem 20 colunas (5 metricas x 4 tipos) com o mesmo defeito","renomear","",,FALSE
"03_meio_ambiente","total_pessoas_afetadas_climatologicos","total_pessoas_afetadas_climatologicos","total_pessoas_afetadas_climatologicos","Total pessoas afetadas desastres climatológicos município ano","contagem","contagem","double","[0,Inf]","double",0.197,5232,0,2100000,0,"media",FALSE,"inferência de escala/unidade a confirmar","","manter","",,FALSE
"03_meio_ambiente","total_danos_materiais_climatologicos","total_danos_materiais_climatologicos","total_danos_materiais_climatologicos","Total danos materiais desastres climatológicos município ano","contagem","contagem","double","[0,Inf]","double",0.197,315,0,136000523,0,"media",FALSE,"inferência de escala/unidade a confirmar","","manter","",,FALSE
"03_meio_ambiente","total_prejuizos_publicos_climatologicos","total_prejuizos_publicos_climatologicos","total_prejuizos_publicos_climatologicos","Total prejuízos públicos desastres climatológicos município ano (valor deflacionado para dezembro de 2023)","contagem","contagem","double","[0,Inf]","double",0.197,10546,0,984777420.105115,0,"media",FALSE,"inferência de escala/unidade a confirmar","","manter","",,FALSE
"03_meio_ambiente","total_prejuizos_privados_climatologicos","total_prejuizos_privados_climatologicos","total_prejuizos_privados_climatologicos","Total prejuízos privados desastres climatológicos município ano (valor deflacionado para dezembro de 2023)","contagem","contagem","double","[0,Inf]","double",0.197,17030,0,1691756197.69623,0,"media",FALSE,"inferência de escala/unidade a confirmar","","manter","",,FALSE
"03_meio_ambiente","s2id_desastres_hidrologicos_i","total_desastres_hidrologicos","total_desastres_hidrologicos","Total desastres hidrológicos município ano","contagem","contagem","double","[0,Inf]","double",0.197,22,0,33,0,"media",FALSE,"inferência de escala/unidade a confirmar","Idem","renomear","",,FALSE
"03_meio_ambiente","total_pessoas_afetadas_hidrologicos","total_pessoas_afetadas_hidrologicos","total_pessoas_afetadas_hidrologicos","Total pessoas afetadas desastres hidrológicos município ano","contagem","contagem","double","[0,Inf]","double",0.197,5810,0,2006222,0,"media",FALSE,"inferência de escala/unidade a confirmar","","manter","",,FALSE
"03_meio_ambiente","total_danos_materiais_hidrologicos","total_danos_materiais_hidrologicos","total_danos_materiais_hidrologicos","Total danos materiais desastres hidrológicos município ano","contagem","contagem","double","[0,Inf]","double",0.197,8067,0,7135243811.34,0,"media",FALSE,"inferência de escala/unidade a confirmar","","manter","",,FALSE
"03_meio_ambiente","total_prejuizos_publicos_hidrologicos","total_prejuizos_publicos_hidrologicos","total_prejuizos_publicos_hidrologicos","Total prejuízos públicos desastres hidrológicos município ano (valor deflacionado para dezembro de 2023)","contagem","contagem","double","[0,Inf]","double",0.197,8628,0,515958041.311964,0,"media",FALSE,"inferência de escala/unidade a confirmar","","manter","",,FALSE
"03_meio_ambiente","total_prejuizos_privados_hidrologicos","total_prejuizos_privados_hidrologicos","total_prejuizos_privados_hidrologicos","Total prejuízos privados desastres hidrológicos município ano (valor deflacionado para dezembro de 2023)","contagem","contagem","double","[0,Inf]","double",0.197,7949,0,8527998469.76073,0,"media",FALSE,"inferência de escala/unidade a confirmar","","manter","",,FALSE
"03_meio_ambiente","s2id_desastres_meteorologicos_i","total_desastres_meteorologicos","total_desastres_meteorologicos","Total desastres meteorológicos município ano","contagem","contagem","double","[0,Inf]","double",0.197,9,0,8,0,"media",FALSE,"inferência de escala/unidade a confirmar","Idem","renomear","",,FALSE
"03_meio_ambiente","total_pessoas_afetadas_meteorologicos","total_pessoas_afetadas_meteorologicos","total_pessoas_afetadas_meteorologicos","Total pessoas afetadas desastres meteorológicos município ano","contagem","contagem","double","[0,Inf]","double",0.197,1699,0,406996,0,"media",FALSE,"inferência de escala/unidade a confirmar","","manter","",,FALSE
"03_meio_ambiente","total_danos_materiais_meteorologicos","total_danos_materiais_meteorologicos","total_danos_materiais_meteorologicos","Total danos materiais desastres meteorológicos município ano","contagem","contagem","double","[0,Inf]","double",0.197,2349,0,176012934.6,0,"media",FALSE,"inferência de escala/unidade a confirmar","","manter","",,FALSE
"03_meio_ambiente","total_prejuizos_publicos_meteorologicos","total_prejuizos_publicos_meteorologicos","total_prejuizos_publicos_meteorologicos","Total prejuízos públicos desastres meteorológicos município ano (valor deflacionado para dezembro de 2023)","contagem","contagem","double","[0,Inf]","double",0.197,1780,0,55414220.4568483,0,"media",FALSE,"inferência de escala/unidade a confirmar","","manter","",,FALSE
"03_meio_ambiente","total_prejuizos_privados_meteorologicos","total_prejuizos_privados_meteorologicos","total_prejuizos_privados_meteorologicos","Total prejuízos privados desastres meteorológicos município ano (valor deflacionado para dezembro de 2023)","contagem","contagem","double","[0,Inf]","double",0.197,2254,0,1978292235.79699,0,"media",FALSE,"inferência de escala/unidade a confirmar","","manter","",,FALSE
"03_meio_ambiente","s2id_desastres_outros_i","total_desastres_outros","total_desastres_outros","Total desastres outros município ano","contagem","contagem","double","[0,Inf]","double",0.197,15,0,19,0,"media",FALSE,"inferência de escala/unidade a confirmar","'outros' como categoria residual nao documentada","renomear","",,FALSE
"03_meio_ambiente","total_pessoas_afetadas_outros","total_pessoas_afetadas_outros","total_pessoas_afetadas_outros","Total pessoas afetadas desastres outros  município ano","contagem","contagem","double","[0,Inf]","double",0.197,390,0,1e+06,0,"media",FALSE,"inferência de escala/unidade a confirmar","","manter","",,FALSE
"03_meio_ambiente","total_danos_materiais_outros","total_danos_materiais_outros","total_danos_materiais_outros","Total danos materiais desastres outros  município ano","contagem","contagem","double","[0,Inf]","double",0.197,333,0,150000000.02,0,"media",FALSE,"inferência de escala/unidade a confirmar","","manter","",,FALSE
"03_meio_ambiente","total_prejuizos_publicos_outros","total_prejuizos_publicos_outros","total_prejuizos_publicos_outros","Total prejuízos públicos desastres outros  município ano (valor deflacionado para dezembro de 2023)","contagem","contagem","double","[0,Inf]","double",0.197,369,0,335073245.534448,0,"media",FALSE,"inferência de escala/unidade a confirmar","","manter","",,FALSE
"03_meio_ambiente","total_prejuizos_privados_outros","total_prejuizos_privados_outros","total_prejuizos_privados_outros","Total prejuízos privados desastres outros  município ano (valor deflacionado para dezembro de 2023)","contagem","contagem","double","[0,Inf]","double",0.197,273,0,205749363.961111,0,"media",FALSE,"inferência de escala/unidade a confirmar","","manter","",,FALSE
"03_meio_ambiente","snis_populacao_atendida_agua_i","populacao_atendida_agua","populacao_atendida_agua","AG001 - População total atendida com abastecimento de água","texto","categorica","character","","character",44.888,37218,,,0,"alta",TRUE,"tipo declarado 'integer' divergia do real 'character'","Sem prefixo de fonte; colide semanticamente com populacao (dim 2). Tipo character em meio_ambiente.RData apesar de ser contagem","renomear","",,FALSE
"03_meio_ambiente","snis_populacao_atendida_esgoto_i","populacao_atentida_esgoto","populacao_atentida_esgoto","ES001 - População total atendida com esgotamento sanitário","texto","categorica","character","","character",76.63,22907,,,0,"alta",TRUE,"tipo declarado 'integer' divergia do real 'character'","Erro de digitacao ('atentida'). Origem upstream: alias da propria tabela SNIS na Base dos Dados, saneamento.R:18. PUBLICADO na base final (renomear_variaveis.R:33)","renomear","",,FALSE
"03_meio_ambiente","snis_populacao_urbana_i","populacao_urbana","populacao_urbana","População urbana do município do ano de referência (Fonte: IBGE)","texto","categorica","character","","character",36.861,38880,,,0,"alta",TRUE,"tipo declarado 'integer' divergia do real 'character'","Sem prefixo de fonte; e a populacao urbana do SNIS, nao do Censo, e le-se como atributo demografico do municipio","renomear","",,FALSE
"03_meio_ambiente","snis_populacao_urbana_residente_area_atendida_agua_i","populacao_urbana_residente_agua","populacao_urbana_residente_agua","G06A - População urbana residente do(s) município(s) com abastecimento de água","texto","categorica","character","","character",36.96,38874,,,0,"alta",TRUE,"tipo declarado 'integer' divergia do real 'character'","Sem prefixo; 'residente_agua' e construcao opaca do SNIS","renomear","",,FALSE
"03_meio_ambiente","snis_populacao_urbana_atendida_esgoto_i","populacao_urbana_atendida_esgoto","populacao_urbana_atendida_esgoto","G06B - População urbana residente do(s) município(s) com esgotamento sanitário","texto","categorica","character","","character",79.001,20901,,,0,"alta",FALSE,"","Sem prefixo de fonte; character em meio_ambiente.RData apesar de contagem","renomear","",,FALSE
"03_meio_ambiente","snis_extensao_rede_agua_km","extensao_rede_agua","extensao_rede_agua","AG005 - Extensão da rede de água","km","fisica","double","[0,Inf]","double",45.141,20923,0,4883646,0,"media",FALSE,"inferência de escala/unidade a confirmar","Sem unidade no nome (km) e sem prefixo de fonte","renomear","",,FALSE
"03_meio_ambiente","snis_extensao_rede_esgoto_km","extensao_rede_esgoto","extensao_rede_esgoto","ES004 - Extensão da rede de esgotos","km","fisica","double","[0,Inf]","double",76.544,12427,0,1791797,0,"media",FALSE,"inferência de escala/unidade a confirmar","Sem unidade no nome (km) e sem prefixo de fonte","renomear","",,FALSE
"03_meio_ambiente","snis_sedes_municipais_atendidas_agua_i","quantidade_sede_municipal_agua","quantidade_sede_municipal_agua","GE008 - Quantidade de Sedes municipais atendidas com abastecimento de água","texto","categorica","character","","character",36.052,2,,,0,"alta",TRUE,"tipo declarado 'integer' divergia do real 'character'","Prefixo quantidade_ generico compartilhado com a dim 14; character apesar de contagem","renomear","",,FALSE
"03_meio_ambiente","snis_sedes_municipais_atendidas_esgoto_i","quantidade_sede_municipal_esgoto","quantidade_sede_municipal_esgoto","GE009 - Quantidade de Sedes municipais atendidas com esgotamento sanitário","texto","categorica","character","","character",75.757,2,,,0,"alta",TRUE,"tipo declarado 'integer' divergia do real 'character'","Idem; prefixo generico e tipo character","renomear","",,FALSE
"03_meio_ambiente","snis_ligacoes_agua_i","quantidade_ligacao_total_agua","quantidade_ligacao_total_agua","AG021 - Quantidade de ligações totais de água","texto","categorica","character","","character",46.63,22966,,,0,"alta",TRUE,"tipo declarado 'integer' divergia do real 'character'","Prefixo generico; 'total' redundante; tipo character","renomear","",,FALSE
"03_meio_ambiente","snis_ligacoes_esgoto_i","quantidade_ligacao_total_esgoto","quantidade_ligacao_total_esgoto","ES009 - Quantidade de ligações totais de esgotos","texto","categorica","character","","character",77.15,15581,,,0,"alta",TRUE,"tipo declarado 'integer' divergia do real 'character'","Prefixo generico; 'total' redundante; tipo character","renomear","",,FALSE
"03_meio_ambiente","snis_empregados_prestador_i","quantidade_empregado","quantidade_empregado","FN026 - Quantidade total de empregados próprios","texto","categorica","character","","character",45.123,1104,,,0,"alta",TRUE,"tipo declarado 'integer' divergia do real 'character'","Singular, sem fonte; sao empregados do PRESTADOR de saneamento, nao do municipio","renomear","",,FALSE
"03_meio_ambiente","snis_despesa_pessoal_prestador_brl2023","despesa_pessoal","despesa_pessoal","FN010 - Despesa com pessoal próprio","R$","monetaria","double","","double",45.725,94872,-5184300.89986465,3339841082.01041,0,"media",FALSE,"inferência de escala/unidade a confirmar","Generico, sem fonte; e despesa de pessoal do prestador de saneamento e esta deflacionada (saneamento.R:186-190) sem marca no nome","renomear","",,FALSE
"03_meio_ambiente","snis_arrecadacao_prestador_brl2023","arrecadacao_total","arrecadacao_total","FN006 - Arrecadação total (deflacionado para dezembro de 2023) ","R$","monetaria","double","","double",45.477,96038,0,9633077161.75556,0,"media",FALSE,"inferência de escala/unidade a confirmar","Generico, sem fonte; colide conceitualmente com as receitas do SICONFI (dim 6); deflacionada sem marca","renomear","",,FALSE
"03_meio_ambiente","snis_investimento_agua_fonte_municipio_brl2023","investimento_agua_municipio","investimento_agua_municipio","FN042 - Investimento realizado em abastecimento de água pelo(s) município(s)","R$","monetaria","double","","double",74.674,4040,0,382847344.125503,0,"media",FALSE,"inferência de escala/unidade a confirmar","Deflacionado (saneamento.R:186-190) sem sufixo; 'municipio' aqui e a FONTE do investimento, nao a unidade geografica","renomear","",,FALSE
"03_meio_ambiente","snis_investimento_agua_fonte_estado_brl2023","investimento_agua_estado","investimento_agua_estado","FN052 - Investimento realizado em abastecimento de água pelo estado","R$","monetaria","double","","double",72.553,1653,0,223334741.385731,0,"media",FALSE,"inferência de escala/unidade a confirmar","Idem: sufixo designa a fonte do recurso e se confunde com recorte geografico","renomear","",,FALSE
"03_meio_ambiente","snis_investimento_agua_fonte_prestador_brl2023","investimento_agua_prestador","investimento_agua_prestador","FN023 - Investimento realizado em abastecimento de água pelo prestador de serviços","R$","monetaria","double","","double",51.328,60265,-24107348.8785305,132113648828.078,0,"media",FALSE,"inferência de escala/unidade a confirmar","Idem","renomear","",,FALSE
"03_meio_ambiente","snis_investimento_esgoto_fonte_municipio_brl2023","investimento_esgoto_municipio","investimento_esgoto_municipio","FN043 - Investimento realizado em esgotamento sanitário pelo(s) município(s)","R$","monetaria","double","","double",74.729,2604,0,270023543.253602,0,"media",FALSE,"inferência de escala/unidade a confirmar","Idem","renomear","",,FALSE
"03_meio_ambiente","snis_investimento_esgoto_fonte_estado_brl2023","investimento_esgoto_estado","investimento_esgoto_estado","FN053 - Investimento realizado em esgotamento sanitário pelo estado","R$","monetaria","double","","double",72.631,768,0,1177653318.55271,0,"media",FALSE,"inferência de escala/unidade a confirmar","Idem","renomear","",,FALSE
"03_meio_ambiente","snis_investimento_esgoto_fonte_prestador_brl2023","investimento_esgoto_prestador","investimento_esgoto_prestador","FN024 - Investimento realizado em esgotamento sanitário pelo prestador de serviços","R$","monetaria","double","","double",52.233,30982,-4500824.38634801,2070503911.47739,0,"media",FALSE,"inferência de escala/unidade a confirmar","Idem","renomear","",,FALSE
"03_meio_ambiente","snis_indice_atendimento_total_agua_pct","indice_atendimento_total_agua","indice_atendimento_total_agua","IN055_AE - Índice de atendimento total de água","percentual","0-100","double","[0,100]","double",46.635,9430,0,100,0,"alta",FALSE,"","Sem prefixo de fonte e sem escala (percentual)","renomear","",,FALSE
"03_meio_ambiente","snis_indice_atendimento_esgoto_sobre_populacao_agua_pct","indice_atendimento_esgoto_agua","indice_atendimento_esgoto_agua","Índice de atendimento urbano de esgoto referido aos municípios atendidos com esgoto","percentual","0-100","double","[0,100]","double",77.427,9726,0,100,0,"alta",FALSE,"","Nome ilegivel: e o indice de atendimento de esgoto referido a populacao atendida com AGUA. Sem escala","renomear","",,FALSE
"03_meio_ambiente","id_municipio_nome","id_municipio_nome","id_municipio_nome","Nome do município","texto","categorica","character","","character",29.015,5297,,,0,"alta",FALSE,"","Prefixo id_ para um campo de texto; redundante com nome_municipio. Publicado na posicao 84 (vem do desmatamento)","remover","",,FALSE
"03_meio_ambiente","nm_uf","nm_uf","NM_UF","Nome UF (Estado)","texto","categorica","character","","character",29.015,27,,,0,"alta",FALSE,"","","manter","",,FALSE
"03_meio_ambiente","area_municipio_km2","area_total_municipio","area_total_municipio","Área total do município em km² conforme dados do IBGE","km2","fisica","double","[0,Inf]","double",29.015,5556,3.565,159533.306,0,"alta",FALSE,"","Sem unidade (km2); 'total' redundante","renomear","",,FALSE
"03_meio_ambiente","area_desmatada_municipio_km2","desmatado_total_municipio","desmatado_total_municipio","Área total desmatado do município em km², todos os biomas","km2","fisica","double","[0,Inf]","double",29.015,20424,0,14083.5,0,"alta",FALSE,"","Particulo usado como substantivo, sem unidade (km2) e sem fonte (MapBiomas/PRODES)","renomear","",,FALSE
"03_meio_ambiente","area_desmatada_bioma_amazonia_km2","desmatado_total_amazonia","desmatado_total_amazonia","Área total desmatado do município em km², bioma Amazônia","km2","fisica","double","[0,Inf]","double",29.015,8831,0,12174.6,0,"alta",FALSE,"","Idem; e a parcela desmatada do bioma dentro do municipio, nao o desmatamento do bioma","renomear","",,FALSE
"03_meio_ambiente","area_desmatada_bioma_caatinga_km2","desmatado_total_caatinga","desmatado_total_caatinga","Área total desmatado do município em km², bioma Caatinga","km2","fisica","double","[0,Inf]","double",29.015,7941,0,2661.1,0,"alta",FALSE,"","Idem (mesma familia: cerrado, mata_atlantica, pampa, pantanal)","renomear","",,FALSE
"03_meio_ambiente","desmatado_total_cerrado","desmatado_total_cerrado","desmatado_total_cerrado","Área total desmatado do município em km², bioma Cerrado","km2","fisica","double","[0,Inf]","double",29.015,12610,0,14083.5,0,"media",FALSE,"inferência de escala/unidade a confirmar","","manter","",,FALSE
"03_meio_ambiente","desmatado_total_mata_atlantica","desmatado_total_mata_atlantica","desmatado_total_mata_atlantica","Área total desmatado do município em km², bioma Mata Atlântica","km2","fisica","double","[0,Inf]","double",29.015,9211,0,3228.6,0,"media",FALSE,"inferência de escala/unidade a confirmar","","manter","",,FALSE
"03_meio_ambiente","desmatado_total_pampa","desmatado_total_pampa","desmatado_total_pampa","Área total desmatado do município em km², bioma Pampa","km2","fisica","double","[0,Inf]","double",29.015,3181,0,4163.5,0,"media",FALSE,"inferência de escala/unidade a confirmar","","manter","",,FALSE
"03_meio_ambiente","desmatado_total_pantanal","desmatado_total_pantanal","desmatado_total_pantanal","Área total desmatado do município em km², bioma Pantanal","km2","fisica","double","[0,Inf]","double",29.015,374,0,7782.2,0,"media",FALSE,"inferência de escala/unidade a confirmar","","manter","",,FALSE
"03_meio_ambiente","area_desmatada_sobre_area_municipio_prop","proporcao_desmatado","proporcao_desmatado","Proporção do total desmatado do município (divisão entre o total desmatado e a área total)","proporcao","0-1","double","[0,1]","double",29.015,102071,0,1.96832746984144,0,"baixa",TRUE,"inferência de escala/unidade incerta","Escala 0-1 sem sufixo; denominador (area_total_municipio) so visivel no codigo (desmatamento.R:67)","renomear","",,FALSE
"03_meio_ambiente","area_desmatada_municipio_km2_lag1","lag_total_desmatado","lag_total_desmatado","Área total desmatado do município em km² (defasagem de um ano)","km2","fisica","double","[0,Inf]","double",32.07,19988,0,14071.2,0,"alta",FALSE,"","Nome de OPERACAO (lag) em vez de conceito; ordem do lag nao explicita (desmatamento.R:75)","renomear","",,FALSE
"03_meio_ambiente","variacao_absoluta_area_desmatada_km2","taxa_crescimento_desmatamento_abs","taxa_crescimento_desmatamento_abs","Taxa de crescimento da Área total desmatado do município em km² ((Valor atual - valor defasado)/Valor defasado)*100","km2","fisica","double","[0,Inf]","double",32.086,69991,0,678600,0,"alta",FALSE,"","Contradicao interna: 'taxa' e 'abs' (absoluto) no mesmo nome; sem unidade","renomear","",,FALSE
"03_meio_ambiente","adapta_id_indicador","id","id","","","","double","","double",66.02,5570,1,5572,0,"baixa",TRUE,"sem descrição no legado","Nome maximamente generico (id interno do indicador AdaptaBrasil) que sobrevive ate a base publicada, posicao 97 de renomear_variaveis.R:44","renomear","",,FALSE
"03_meio_ambiente","capacidade_investimento_adaptacao","capacidade_investimento_adaptacao","AB1.1","Capacidade de investimento público municipal e renda da população - investimentos em políticas de adaptação e em populações socioeconomicamente vulneráveis ","","","double","","double",66.02,61,0.07,0.69,0,"baixa",TRUE,"inferência de escala/unidade incerta","","manter","",,FALSE
"03_meio_ambiente","capacidade_investimento_adaptacao_classe","capacidade_investimento_adaptacao_classe","AB1.2","Capacidade de investimento público municipal e renda da população - investimentos em políticas de adaptação e em populações socioeconomicamente vulneráveis (CLASSE)","texto","categorica","character","","character",66.02,4,,,0,"alta",FALSE,"","","manter","",,FALSE
"03_meio_ambiente","indice_capacidade_adaptacao_inundacoes_enxurradas","indice_capacidade_adaptacao_inundacoes_enxurradas","AB2.1","Índice de capacidade adaptativa para inundações, enxurradas e alagamentos ","indice","indice","double","[0,1]","double",66.02,101,0,1,0,"media",FALSE,"inferência de escala/unidade a confirmar","","manter","",,FALSE
"03_meio_ambiente","indice_capacidade_adaptacao_inundacoes_enxurradas_classe","indice_capacidade_adaptacao_inundacoes_enxurradas_classe","AB2.2","Índice de capacidade adaptativa para inundações, enxurradas e alagamentos  (CLASSE)","texto","categorica","character","","character",66.02,5,,,0,"alta",FALSE,"","","manter","",,FALSE
"03_meio_ambiente","indice_risco_inundacoes_enxurradas","indice_risco_inundacoes_enxurradas","AB3.1","Índice de Risco para inundações, enxurradas e alagamentos ","texto","categorica","character","","character",66.02,101,,,0,"alta",TRUE,"tipo declarado 'double' divergia do real 'character'","","manter","",,FALSE
"03_meio_ambiente","indice_risco_inundacoes_enxurradas_classe","indice_risco_inundacoes_enxurradas_classe","AB3.2","Índice de Risco para inundações, enxurradas e alagamentos (CLASSE)","texto","categorica","character","","character",66.02,6,,,0,"alta",FALSE,"","","manter","",,FALSE
"03_meio_ambiente","indice_vulnerabilidade_inundacoes_enxurradas","indice_vulnerabilidade_inundacoes_enxurradas","AB4.1","Índice de vulnerabilidade para inundações, enxurradas e alagamentos","indice","indice","double","[0,1]","double",66.02,101,0,1,0,"media",FALSE,"inferência de escala/unidade a confirmar","","manter","",,FALSE
"03_meio_ambiente","indice_vulnerabilidade_inundacoes_enxurradas_classe","indice_vulnerabilidade_inundacoes_enxurradas_classe","AB4.2","Índice de vulnerabilidade para inundações, enxurradas e alagamentos (CLASSE)","texto","categorica","character","","character",66.02,5,,,0,"alta",FALSE,"","","manter","",,FALSE
"03_meio_ambiente","adapta_indice_adesao_programa_cidades_resilientes","cidades_resilientes","AB6.1","Adesão ao Programa Cidades Resilientes ","texto","categorica","character","","character",66.02,11,,,0,"alta",TRUE,"tipo declarado 'double' divergia do real 'character'","Nome plural que parece uma lista/contagem de cidades; e o indicador de adesao do municipio ao programa (AB6.1)","renomear","",,FALSE
"03_meio_ambiente","cidades_resilientes_classe","cidades_resilientes_classe","AB6.2","Adesão ao Programa Cidades Resilientes (CLASSE)","texto","categorica","character","","character",66.02,4,,,0,"alta",FALSE,"","","manter","",,FALSE
"03_meio_ambiente","indice_capacidade_adaptativa_recursos_hidricos","indice_capacidade_adaptativa_recursos_hidricos","AB7.1","Índice de capacidade adaptativa - recursos hídricos","indice","indice","double","[0,1]","double",66.02,92,0,0.97,0,"media",FALSE,"inferência de escala/unidade a confirmar","","manter","",,FALSE
"03_meio_ambiente","indice_capacidade_adaptativa_recursos_hidricos_classe","indice_capacidade_adaptativa_recursos_hidricos_classe","AB7.2","Índice de capacidade adaptativa - recursos hídricos (CLASSE)","texto","categorica","character","","character",66.02,5,,,0,"alta",FALSE,"","","manter","",,FALSE
"03_meio_ambiente","indice_risco_seca","indice_risco_seca","AB8.1","Índice de risco de impacto para seca","indice","indice","double","[0,1]","double",66.02,84,0,0.86,0,"media",FALSE,"inferência de escala/unidade a confirmar","","manter","",,FALSE
"03_meio_ambiente","indice_risco_seca_classe","indice_risco_seca_classe","AB8.2","Índice de risco de impacto para seca (CLASSE)","texto","categorica","character","","character",66.02,5,,,0,"alta",FALSE,"","","manter","",,FALSE
"03_meio_ambiente","indice_vulnerabilidade_seca","indice_vulnerabilidade_seca","AB9.1","Índice de vulnerabilidade - seca ","indice","indice","double","[0,1]","double",66.02,101,0,1,0,"media",FALSE,"inferência de escala/unidade a confirmar","","manter","",,FALSE
"03_meio_ambiente","indice_vulnerabilidade_seca_classe","indice_vulnerabilidade_seca_classe","AB9.2","Índice de vulnerabilidade - seca (CLASSE)","texto","categorica","character","","character",66.02,5,,,0,"alta",FALSE,"","","manter","",,FALSE
"04_economia","pib_brl2023","pib","pib","PIB municipal (deflacionado dez/23)","texto","categorica","character","","character",29.12,107443,,,0,"alta",TRUE,"tipo declarado 'double' divergia do real 'character'","Sem unidade nem indicacao de deflacao no nome (pib_municipal.R:76 deflaciona para 12/2023); integer64 na origem","renomear","",,FALSE
"04_economia","impostos_liquidos_brl2023","impostos_liquidos","impostos_liquidos","Impostos, líquidos de subsídios, sobre produtos a preços correntes (deflacionado dez/23)","texto","categorica","character","","character",29.12,49368,,,0,"alta",TRUE,"tipo declarado 'double' divergia do real 'character'","Sem unidade nem deflacao no nome","renomear","",,FALSE
"04_economia","valor_adicionado_bruto_brl2023","va","va","Valor adicionado bruto a preços correntes total (deflacionado dez/23)","texto","categorica","character","","character",29.12,106249,,,0,"alta",TRUE,"tipo declarado 'double' divergia do real 'character'","Nome de duas letras, maximamente generico (valor adicionado bruto). PUBLICADO","renomear","",,FALSE
"04_economia","valor_adicionado_agropecuaria_brl2023","va_agropecuaria","va_agropecuaria","Valor adicionado bruto a preços correntes da agropecuária (deflacionado dez/23)","texto","categorica","character","","character",29.12,66090,,,0,"alta",TRUE,"tipo declarado 'double' divergia do real 'character'","Prefixo va_ nao expandido; sem unidade nem deflacao no nome","renomear","",,FALSE
"04_economia","valor_adicionado_industria_brl2023","va_industria","va_industria","Valor adicionado bruto a preços correntes da indústria (deflacionado dez/23)","texto","categorica","character","","character",29.12,59075,,,0,"alta",TRUE,"tipo declarado 'double' divergia do real 'character'","Idem","renomear","",,FALSE
"04_economia","valor_adicionado_servicos_brl2023","va_servicos","va_servicos","Valor adicionado bruto a preços correntes dos serviços, exclusive administração, defesa, educação e saúde públicas e seguridade social (deflacionado dez/23)","texto","categorica","character","","character",29.12,83717,,,0,"alta",TRUE,"tipo declarado 'double' divergia do real 'character'","Idem","renomear","",,FALSE
"04_economia","valor_adicionado_administracao_publica_brl2023","va_adespss","va_adespss","Valor adicionado bruto a preços correntes da administração, defesa, educação e saúde públicas e seguridade social (deflacionado dez/23)","texto","categorica","character","","character",29.12,75927,,,0,"alta",TRUE,"tipo declarado 'double' divergia do real 'character'","Sigla opaca (administracao, defesa, educacao e saude publicas e seguridade social). PUBLICADO","renomear","",,FALSE
"04_economia","sigla_uf_nome","sigla_uf_nome","sigla_uf_nome","Nome da Unidade da Federação","texto","categorica","character","","character",29.12,27,,,0,"alta",FALSE,"","Prefixo sigla_ mas o conteudo e o NOME da UF por extenso. PUBLICADO (posicao 122); duplica nome_uf","remover","",,FALSE
"04_economia","pib_per_capita_brl2023","pib_per_capita","pib_per_capita","Produto Interno Bruto a preços correntes (deflacionado dez/23), dividido pela população estimada","R$","monetaria","double","","double",29.12,127736,2169.71853091974,920834.034766697,0,"media",FALSE,"inferência de escala/unidade a confirmar","Sem unidade; o denominador (populacao da propria dim 4) foi REMOVIDO da base em municipalityBR.qmd:97, tornando o indicador nao reproduzivel","renomear","",,FALSE
"04_economia","razao_impostos_sobre_pib_prop","impostos_pib","impostos_pib","Divisão entre impostos líquidos e PIB","proporcao","0-1","double","[0,1]","double",29.12,127539,2.3716352424997e-05,0.812895114432243,0,"alta",FALSE,"","E uma razao, mas o nome parece uma justaposicao de dois indicadores","renomear","",,FALSE
"04_economia","participacao_va_administracao_publica_prop","dependencia_adm","dependencia_adm","Divisão entre VA ADESPSS e VA geral","proporcao","0-1","double","[0,1]","double",29.12,127742,0.00837248799323856,0.957603766002641,0,"alta",FALSE,"","'dependencia' sem denominador explicito (participacao do VA da administracao publica no VA total); 'adm' abreviado enquanto as irmas nao sao","renomear","",,FALSE
"04_economia","participacao_va_industria_prop","dependencia_industria","dependencia_industria","Divisão entre VA Indústria e VA geral","proporcao","0-1","double","[0,1]","double",29.12,127615,0.000244240006513067,0.968713667272591,0,"alta",FALSE,"","'dependencia' sem denominador explicito","renomear","",,FALSE
"04_economia","participacao_va_agropecuaria_prop","dependencia_agro","dependencia_agro","Divisão entre VA Agropecuária e VA geral","proporcao","0-1","double","[0,1]","double",29.12,127671,0,0.934980317119379,0,"alta",FALSE,"","Idem; 'agro' abreviado enquanto va_agropecuaria nao e","renomear","",,FALSE
"04_economia","participacao_va_servicos_prop","dependencia_servicos","dependencia_servicos","Divisão entre VA Serviços e VA geral","proporcao","0-1","double","[0,1]","double",29.12,127728,0.00990171081019328,0.966622072123516,0,"alta",FALSE,"","'dependencia' sem denominador explicito","renomear","",,FALSE
"04_economia","ln_pib_brl2023","log_pib","log_pib","PIB em log10","R$","monetaria","double","","double",29.12,107443,6.72337356701898,11.9547170671204,0,"media",FALSE,"inferência de escala/unidade a confirmar","Transformacao no nome sem dizer a base (e logaritmo natural)","renomear","",,FALSE
"04_economia","ln_pib_per_capita_brl2023","log_pib_per_capita","log_pib_per_capita","PIB per capita em log10","R$","monetaria","double","","double",29.12,127736,3.33640339818174,5.96418136279181,0,"media",FALSE,"inferência de escala/unidade a confirmar","Idem; e uma das colunas consumidas por scripts/artigo","renomear","",,FALSE
"04_economia","ln_valor_adicionado_bruto_brl2023","log_valor_adicionado","log_valor_adicionado","VA em log10","R$","monetaria","double","","double",29.12,106249,6.71541832259506,11.8635272243284,0,"media",FALSE,"inferência de escala/unidade a confirmar","Idem; e o log de va, cujo nome curto ja e ambiguo","renomear","",,FALSE
"05_sociedade","ano_ref_ivs","ano_avs","ano_avs","Ano de realização do Atlas","codigo","identificador","double","","double",38.264,2,2000,2010,0,"alta",FALSE,"","Sigla opaca (AVS = Atlas da Vulnerabilidade Social); e o ano censitario 2000/2010 replicado sobre 1996-2015 em sociedade.R","renomear","",,FALSE
"05_sociedade","ivs","ivs","ivs","Índice de Vulnerabilidade Social","indice","indice","double","[0,1]","double",38.264,709,0.09,0.871,0,"media",FALSE,"inferência de escala/unidade a confirmar","Sigla sem expansao e sem escala; e uma das colunas consumidas pelo artigo","renomear","",,FALSE
"05_sociedade","ivs_infraestrutura_urbana","ivs_infraestrutura_urbana","ivs_infraestrutura_urbana","Índice de Vulnerabilidade Social - Dimensão Infraestrutura Urbana","indice","indice","double","[0,1]","double",38.264,880,0,1,0,"media",FALSE,"inferência de escala/unidade a confirmar","Subindice sem escala no nome","renomear","",,FALSE
"05_sociedade","ivs_capital_humano","ivs_capital_humano","ivs_capital_humano","Índice de Vulnerabilidade Social - Dimensão Capital Humano","indice","indice","double","[0,1]","double",38.264,760,0.122,0.993,0,"media",FALSE,"inferência de escala/unidade a confirmar","","manter","",,FALSE
"05_sociedade","ivs_renda_trabalho","ivs_renda_trabalho","ivs_renda_trabalho","Índice de Vulnerabilidade Social - Dimensão Renda e Trabalho","indice","indice","double","[0,1]","double",38.264,743,0.099,0.928,0,"media",FALSE,"inferência de escala/unidade a confirmar","","manter","",,FALSE
"05_sociedade","idhm","idhm","idhm","Índice de Desenvolvimento Humano Municipal","indice","indice","double","[0,1]","double",38.264,553,0.208,0.862,0,"media",FALSE,"inferência de escala/unidade a confirmar","","manter","",,FALSE
"05_sociedade","vulnerabilidade_socioeconomica_pct","proporcao_vulnerabilidade_socioeconomica","proporcao_vulnerabilidade_socioeconomica","Proporção das pessoas com renda per capita inferior a meio salario mínimo e gastam mais de uma hora até o trabalho","percentual","0-100","double","[0,100]","double",38.264,1598,0,53.47,0,"alta",FALSE,"","Prefixo proporcao_ sem sufixo de escala; escala real 0-100","renomear","",,FALSE
"05_sociedade","classe_prosperidade_social","prosperidade_social","prosperidade_social","Prosperidade Social","texto","categorica","character","","character",38.314,5,,,0,"alta",FALSE,"","Nome sugere indice numerico, mas o tipo e character (classe categorica)","renomear","",,FALSE
"06_financas","total_receitas","total_receitas","total_receitas","Total de receitas municipais, considerando todos os estágios (deflacionado dez/23)","contagem","contagem","double","[0,Inf]","double",5.314,170574,0,2590033703231,0,"media",FALSE,"inferência de escala/unidade a confirmar","","manter","",,FALSE
"06_financas","siconfi_deducao_fundeb_brl2023","total_receitas_fundeb","total_receitas_fundeb","Produto Interno Bruto a preços correntes (deflacionado dez/23)","R$","monetaria","double","","double",5.314,48765,-7578926709.19377,22708091712.0742,0,"media",FALSE,"inferência de escala/unidade a confirmar","O NOME MENTE: e a DEDUCAO do FUNDEB, nao uma receita (siconfi.R:94, sum(valor[deducao_fundeb == 1])). Esta entre as colunas consumidas por scripts/artigo","renomear","",,FALSE
"06_financas","siconfi_deducao_transferencias_constitucionais_brl2023","total_transferencias_constitucionais","total_transferencias_constitucionais","Impostos, líquidos de subsídios, sobre produtos a preços correntes (deflacionado dez/23)","R$","monetaria","double","","double",5.314,5066,-1862836278.93635,7712709959.21814,0,"media",FALSE,"inferência de escala/unidade a confirmar","Tambem e uma DEDUCAO (siconfi.R:95, estagio == 'Deducoes - Transferencias Constitucionais'), nao a transferencia recebida","renomear","",,FALSE
"06_financas","siconfi_deducao_outras_brl2023","total_receitas_outras_deducoes","total_receitas_outras_deducoes","Valor adicionado bruto a preços correntes total (deflacionado dez/23)","R$","monetaria","double","","double",5.314,23736,-2830268227.8696,24753268580.4128,0,"media",FALSE,"inferência de escala/unidade a confirmar","Nome hibrido 'receitas' + 'deducoes'; e so deducao (siconfi.R:96)","renomear","",,FALSE
"06_financas","siconfi_receitas_brutas_brl2023","total_receitas_brutas","total_receitas_brutas","Valor adicionado bruto a preços correntes da agropecuária (deflacionado dez/23)","R$","monetaria","double","","double",5.314,54645,0,2576279034084.89,0,"media",FALSE,"inferência de escala/unidade a confirmar","Sem prefixo de fonte nem marca de deflacao (deflacionada em siconfi.R:119-122)","renomear","",,FALSE
"06_financas","siconfi_receitas_realizadas_brl2023","total_receitas_realizadas","total_receitas_realizadas","Valor adicionado bruto a preços correntes da indústria (deflacionado dez/23)","R$","monetaria","double","","double",5.314,5463,0,431398189583.693,0,"media",FALSE,"inferência de escala/unidade a confirmar","Idem","renomear","",,FALSE
"06_financas","siconfi_receitas_proprias_brl2023","total_receitas_proprias","total_receitas_proprias","Valor adicionado bruto a preços correntes dos serviços, exclusive administração, defesa, educação e saúde públicas e seguridade social (deflacionado dez/23)","R$","monetaria","double","","double",5.314,147026,-2970461.94312071,35096908535.8786,0,"media",FALSE,"inferência de escala/unidade a confirmar","Idem; a regra de 'receita propria' esta so no case_when de siconfi.R:59","renomear","",,FALSE
"06_financas","siconfi_receitas_proprias_realizadas_brl_nominal","total_receitas_proprias_realizadas","total_receitas_proprias_realizadas","Valor adicionado bruto a preços correntes da administração, defesa, educação e saúde públicas e seguridade social (deflacionado dez/23)","R$","monetaria","double","","double",5.314,5430,0,16999694726.88,0,"media",FALSE,"inferência de escala/unidade a confirmar","UNICA coluna monetaria de financas que NAO entra no across de deflacao (siconfi.R:119-122): fica em reais nominais entre irmas deflacionadas para 12/2023, com nome indistinguivel","renomear","",,FALSE
"06_financas","siconfi_receitas_proprias_sobre_receitas_brutas_prop","razao_receitas_proprias","razao_receitas_proprias","Razão Receitas Próprias em relação ao total de receita","proporcao","0-1","double","[0,1]","double",5.315,147085,-0.01572689952412,0.219649684321997,0,"baixa",TRUE,"inferência de escala/unidade incerta","Escala 0-1 sem sufixo; denominador e total_receitas, que tem dupla contagem","renomear","",,FALSE
"06_financas","siconfi_receitas_proprias_realizadas_sobre_realizadas_prop","razao_receitas_proprias_realizadas","razao_receitas_proprias_realizadas","Razão Receitas Próprias em relação ao total de receitas realizadas","proporcao","0-1","double","[0,1]","double",96.959,5434,0,0.12736896070768,0,"alta",FALSE,"","Idem, escala 0-1 sem sufixo","renomear","",,FALSE
"06_financas","emendas_localidade_gasto_texto","localidade_gasto","localidade_gasto","","texto","categorica","character","","character",94.905,3467,,,0,"alta",TRUE,"sem descrição no legado","PUBLICADO e generico; e o texto livre 'Municipio - UF' da CGU usado como chave de pareamento (Emendas/script.R:40)","renomear","",,FALSE
"06_financas","localidade_gasto_2","localidade_gasto_2","localidade_gasto_2","","texto","categorica","character","","character",94.905,3361,,,0,"alta",TRUE,"sem descrição no legado","PUBLICADO com sufixo numerico sem significado; e localidade_gasto sem a UF e em minusculas (script.R:61-62)","remover","",,FALSE
"06_financas","tipo_emenda","tipo_emenda","tipo_emenda","Tipo de emenda igual a individual","texto","categorica","character","","character",94.905,1,,,0,"alta",FALSE,"","PUBLICADO, mas constante apos o filtro tipo_emenda == 'Emenda Individual - Transferencias' (script.R:53) - coluna sem variancia","remover","",,FALSE
"06_financas","valor_emendas_total","valor_emendas_total","valor_total","Valor de emendas pagas no município","R$","monetaria","double","","double",94.905,4815,621.312394207327,59253922.2129042,0,"media",FALSE,"inferência de escala/unidade a confirmar","","manter","",,FALSE
"06_financas","valor_emendas_agricultura","valor_emendas_agricultura","Agricultura","Valor de emendas pagas na função Agricultura","R$","monetaria","double","","double",94.905,311,0,5110828.97434403,0,"media",FALSE,"inferência de escala/unidade a confirmar","","manter","",,FALSE
"06_financas","valor_emendas_comercio","valor_emendas_comercio","Comércio.e.serviços","Valor de emendas pagas na função Comércio e serviços","R$","monetaria","double","","double",94.905,277,0,7726516.03875462,0,"media",FALSE,"inferência de escala/unidade a confirmar","","manter","",,FALSE
"06_financas","valor_emendas_desporto","valor_emendas_desporto","Desporto.e.lazer","Valor de emendas pagas na função Desporto e lazer","R$","monetaria","double","","double",94.905,371,0,9465258.93097559,0,"media",FALSE,"inferência de escala/unidade a confirmar","","manter","",,FALSE
"06_financas","valor_emendas_saude","valor_emendas_saude","Saúde","Valor de emendas pagas na função Saúde","R$","monetaria","double","","double",94.905,2809,0,49979922.5517837,0,"media",FALSE,"inferência de escala/unidade a confirmar","","manter","",,FALSE
"06_financas","valor_emendas_urbanismo","valor_emendas_urbanismo","Urbanismo","Valor de emendas pagas na função Urbanismo","R$","monetaria","double","","double",94.905,810,0,24379467.1926973,0,"media",FALSE,"inferência de escala/unidade a confirmar","","manter","",,FALSE
"06_financas","valor_emendas_organizacao_agraria","valor_emendas_organizacao_agraria","Organização.agrária","Valor de emendas pagas na função Organização agrária","R$","monetaria","double","","double",94.905,49,0,5954376.18566437,0,"media",FALSE,"inferência de escala/unidade a confirmar","","manter","",,FALSE
"06_financas","valor_emendas_assistencia_social","valor_emendas_assistencia_social","Assistência.social","Valor de emendas pagas na função Assistência social","R$","monetaria","double","","double",94.905,296,0,4124815.28846929,0,"media",FALSE,"inferência de escala/unidade a confirmar","","manter","",,FALSE
"06_financas","valor_emendas_educacao","valor_emendas_educacao","Educação","Valor de emendas pagas na função Educação","R$","monetaria","double","","double",94.905,482,0,15132267.0810537,0,"media",FALSE,"inferência de escala/unidade a confirmar","","manter","",,FALSE
"06_financas","valor_emendas_direitos_cidadania","valor_emendas_direitos_cidadania","Direitos.da.cidadania","Valor de emendas pagas na função Direitos da cidadania","R$","monetaria","double","","double",94.905,127,0,5238937.0335584,0,"media",FALSE,"inferência de escala/unidade a confirmar","","manter","",,FALSE
"06_financas","valor_emendas_defesa","valor_emendas_defesa","Defesa.nacional","Valor de emendas pagas na função Defesa nacional","R$","monetaria","double","","double",94.905,341,0,10138066.0024165,0,"media",FALSE,"inferência de escala/unidade a confirmar","","manter","",,FALSE
"06_financas","valor_emendas_ciencia","valor_emendas_ciencia","Ciência.e.Tecnologia","Valor de emendas pagas na função Ciência e Tecnologia","R$","monetaria","double","","double",94.905,57,0,5884770.53152089,0,"media",FALSE,"inferência de escala/unidade a confirmar","","manter","",,FALSE
"06_financas","valor_emendas_cultura","valor_emendas_cultura","Cultura","Valor de emendas pagas na função Cultura","R$","monetaria","double","","double",94.905,176,0,5710057.02038586,0,"media",FALSE,"inferência de escala/unidade a confirmar","","manter","",,FALSE
"06_financas","valor_emendas_industria","valor_emendas_industria","Indústria","Valor de emendas pagas na função Indústria","R$","monetaria","double","","double",94.905,18,0,6192389.37591594,0,"media",FALSE,"inferência de escala/unidade a confirmar","","manter","",,FALSE
"06_financas","valor_emendas_seguranca","valor_emendas_seguranca","Segurança.pública","Valor de emendas pagas na função Segurança pública","R$","monetaria","double","","double",94.905,97,0,4509146.43085937,0,"media",FALSE,"inferência de escala/unidade a confirmar","","manter","",,FALSE
"06_financas","valor_emendas_gestao_ambiental","valor_emendas_gestao_ambiental","Gestão.ambiental","Valor de emendas pagas na função Gestão ambiental","R$","monetaria","double","","double",94.905,43,0,4786175.97600919,0,"media",FALSE,"inferência de escala/unidade a confirmar","","manter","",,FALSE
"06_financas","valor_emendas_habitacao","valor_emendas_habitacao","Habitação","Valor de emendas pagas na função Habitação","R$","monetaria","double","","double",94.905,13,0,611784.799881166,0,"media",FALSE,"inferência de escala/unidade a confirmar","","manter","",,FALSE
"06_financas","valor_emendas_administracao","valor_emendas_administracao","Administração","Valor de emendas pagas na função Administração","R$","monetaria","double","","double",94.905,6,0,840681.504502984,0,"media",FALSE,"inferência de escala/unidade a confirmar","","manter","",,FALSE
"06_financas","valor_emendas_saneamento","valor_emendas_saneamento","Saneamento","Valor de emendas pagas na função Saneamento","R$","monetaria","double","","double",94.905,19,0,4267594.54112429,0,"media",FALSE,"inferência de escala/unidade a confirmar","","manter","",,FALSE
"06_financas","valor_emendas_trabalho","valor_emendas_trabalho","Trabalho","Valor de emendas pagas na função Trabalho","R$","monetaria","double","","double",94.905,14,0,2293665.30674407,0,"media",FALSE,"inferência de escala/unidade a confirmar","","manter","",,FALSE
"06_financas","valor_emendas_transporte","valor_emendas_transporte","Transporte","Valor de emendas pagas na função Transporte","R$","monetaria","double","","double",94.905,8,0,7402363.41668354,0,"media",FALSE,"inferência de escala/unidade a confirmar","","manter","",,FALSE
"06_financas","valor_emendas_previdencia","valor_emendas_previdencia","Previdência.social","Valor de emendas pagas na função Previdência social","R$","monetaria","double","","double",94.905,3,0,2385585.34848848,0,"media",FALSE,"inferência de escala/unidade a confirmar","","manter","",,FALSE
"06_financas","valor_emendas_encargos_especiais","valor_emendas_encargos_especiais","Encargos.especiais","Valor de emendas pagas na função Encargos especiais","R$","monetaria","double","","double",94.905,266,0,44495148.2428889,0,"media",FALSE,"inferência de escala/unidade a confirmar","","manter","",,FALSE
"06_financas","valor_emendas_multiplo","valor_emendas_multiplo","Múltiplo","Valor de emendas pagas na função Múltiplo","R$","monetaria","double","","double",94.905,7,0,557407.471414769,0,"media",FALSE,"inferência de escala/unidade a confirmar","","manter","",,FALSE
"07_recursos_humanos","munic_vinculos_estatutarios_adm_direta_i","estatutarios_direta","estatutarios_direta","Total de funcionários estatutários administração direta municipal","contagem","contagem","double","[0,Inf]","double",63.066,4372,0,132002,0,"media",FALSE,"inferência de escala/unidade a confirmar","Sem prefixo de fonte, sem sufixo de contagem; 'direta' = administracao direta, colide com qualquer outro uso de direta/indireta","renomear","",,FALSE
"07_recursos_humanos","munic_vinculos_clt_adm_direta_i","clt_direta","clt_direta","Total de funcionários CLT administração direta municipal","contagem","contagem","double","[0,Inf]","double",63.066,1886,0,21269,0,"media",FALSE,"inferência de escala/unidade a confirmar","Idem (mesma familia: comissionados_direta, estagiarios_direta, sem_vinculo_permanente_direta e os seis analogos _indireta)","renomear","",,FALSE
"07_recursos_humanos","comissionados_direta","comissionados_direta","comissionados_direta","Total de funcionários comissionados administração direta municipal","","","double","","double",63.07,1362,0,8603,0,"baixa",TRUE,"inferência de escala/unidade incerta","","manter","",,FALSE
"07_recursos_humanos","estagiarios_direta","estagiarios_direta","estagiarios_direta","Total de funcionários estagiários administração direta municipal","","","double","","double",63.149,842,0,8936,0,"baixa",TRUE,"inferência de escala/unidade incerta","","manter","",,FALSE
"07_recursos_humanos","sem_vinculo_permanente_direta","sem_vinculo_permanente_direta","sem_vinculo_permanente_direta","Total de funcionários sem vínculo permanente administração direta municipal","","","double","","double",63.14,2438,0,17363,0,"baixa",TRUE,"inferência de escala/unidade incerta","","manter","",,FALSE
"07_recursos_humanos","munic_vinculos_totais_adm_direta_i","total_funcionarios_direta","total_funcionarios_direta","Total de funcionários administração direta municipal","contagem","contagem","double","[0,Inf]","double",63.124,5768,0,145483,0,"media",FALSE,"inferência de escala/unidade a confirmar","'total' sem qualificar que e ESTOQUE de vinculos ativos no ano de referencia da pesquisa Munic","renomear","",,FALSE
"07_recursos_humanos","munic_comissionados_adm_direta_prop","comiss_direta","comiss_direta","Proporção de funcionários comissionados em relação ao total de funcionários (administração direta)","proporcao","0-1","double","[0,1]","double",63.149,36398,0,0.923076923076923,0,"alta",FALSE,"","Abreviacao opaca; e uma PROPORCAO 0-1 (comissionados/total) convivendo com contagens na mesma tabela, sem sufixo de escala","renomear","",,FALSE
"07_recursos_humanos","munic_existe_administracao_indireta_cat","administracao_indireta","administracao_indireta","Possui ou não administração indireta","texto","categorica","character","","character",62.934,308,,,0,"alta",FALSE,"","Nome sugere booleano; e character com 6 rotulos ('Sim','Nao','Recusa','Nao informou','Nao informado') e, so em 2011, uma CONTAGEM numerica - dois conceitos incompativeis no mesmo nome","renomear","",,FALSE
"07_recursos_humanos","estatutarios_indireta","estatutarios_indireta","estatutarios_indireta","Total de funcionários estatutários administração indireta municipal","","","double","","double",92.094,931,0,15728,0,"baixa",TRUE,"inferência de escala/unidade incerta","","manter","",,FALSE
"07_recursos_humanos","clt_indireta","clt_indireta","clt_indireta","Total de funcionários CLT administração indireta municipal","","","double","","double",92.088,816,0,23957,0,"baixa",TRUE,"inferência de escala/unidade incerta","","manter","",,FALSE
"07_recursos_humanos","comissionados_indireta","comissionados_indireta","comissionados_indireta","Total de funcionários comissionados administração indireta municipal","","","double","","double",92.094,392,0,3183,0,"baixa",TRUE,"inferência de escala/unidade incerta","","manter","",,FALSE
"07_recursos_humanos","estagiarios_indireta","estagiarios_indireta","estagiarios_indireta","Total de funcionários estagiários administração indireta municipal","","","double","","double",92.091,291,0,4843,0,"baixa",TRUE,"inferência de escala/unidade incerta","","manter","",,FALSE
"07_recursos_humanos","sem_vinculo_permanente_indireta","sem_vinculo_permanente_indireta","sem_vinculo_permanente_indireta","Total de funcionários sem vínculo permanente administração indireta municipal","","","double","","double",92.096,490,0,7397,0,"baixa",TRUE,"inferência de escala/unidade incerta","","manter","",,FALSE
"07_recursos_humanos","munic_vinculos_totais_adm_indireta_i","total_funcionarios_indireta","total_funcionarios_indireta","Total de funcionários administração indireta municipal","contagem","contagem","double","[0,Inf]","double",92.092,1369,0,33379,0,"media",FALSE,"inferência de escala/unidade a confirmar","Idem","renomear","",,FALSE
"07_recursos_humanos","munic_comissionados_adm_indireta_prop","comiss_indireta","comiss_indireta","Proporção de funcionários comissionados em relação ao total de funcionários (administração indireta)","proporcao","0-1","double","[0,1]","double",92.22,3149,0,1,0,"alta",FALSE,"","Idem","renomear","",,FALSE
"01_assistencia_social_dh","disque100_violacoes_i","total_violacoes","total_violacoes","Violações de direitos humanos denunciadas ao Disque 100.","denuncias","contagem","integer","[0,Inf]","double",59.836,1796,0,219546,0,"alta",FALSE,,"Generico: nao identifica a fonte (Disque 100) nem o recorte (denuncias de violacao de direitos humanos); colide com contagens de violencia das dims 11 e 14. Alem disso e redundante por construcao (som","renomear","01_assistencia_social_dh/disque100",,FALSE
"01_assistencia_social_dh","disque100_violacoes_crianca_adolescente_i","total_violacoes_crianca_adolescente","total_violacoes_crianca_adolescente","Denúncias cujo grupo vulnerável é criança ou adolescente.","denuncias","contagem","integer","[0,Inf]","double",59.836,1370,0,131751,0,"alta",FALSE,,"Prefixo total_ generico, sem fonte (mesma familia: _lgbtq, _pcd, _pessoa_idosa, _religiao)","renomear","01_assistencia_social_dh/disque100",,FALSE
"01_assistencia_social_dh","disque100_violacoes_lgbtq_i","total_violacoes_lgbtq","total_violacoes_lgbtq","Denúncias cujo grupo vulnerável é a população LGBTQIA+.","denuncias","contagem","integer","[0,Inf]","double",59.836,182,0,3589,0,"alta",FALSE,,"","manter","01_assistencia_social_dh/disque100",,FALSE
"01_assistencia_social_dh","disque100_violacoes_pcd_i","total_violacoes_pcd","total_violacoes_pcd","Denúncias cujo grupo vulnerável é pessoa com deficiência.","denuncias","contagem","integer","[0,Inf]","double",59.836,592,0,27699,0,"alta",FALSE,,"","manter","01_assistencia_social_dh/disque100",,FALSE
"01_assistencia_social_dh","disque100_violacoes_pessoa_idosa_i","total_violacoes_pessoa_idosa","total_violacoes_pessoa_idosa","Denúncias cujo grupo vulnerável é pessoa idosa.","denuncias","contagem","integer","[0,Inf]","double",59.836,1043,0,56395,0,"alta",FALSE,,"","manter","01_assistencia_social_dh/disque100",,FALSE
"01_assistencia_social_dh","disque100_violacoes_religiao_i","total_violacoes_religiao","total_violacoes_religiao","Denúncias de violação por motivo de religião.","denuncias","contagem","integer","[0,Inf]","double",59.836,48,0,234,0,"alta",FALSE,,"","manter","01_assistencia_social_dh/disque100",,FALSE
"01_assistencia_social_dh","cadun_qtd_familias_atualizadas_i","cadun_qtd_familias_atualizadas_i","cadun_qtd_familias_atualizadas_i","Famílias inscritas no CadÚnico com dados atualizados (última alteração de campos sensíveis há menos de 24 meses).","familias","contagem","integer","[0,Inf]","double",72.194,11204,6,1222553,0,"alta",FALSE,"","","manter","01_assistencia_social_dh/cadunico",,FALSE
"01_assistencia_social_dh","cadun_qtd_familias_atualizadas_pobreza_pbf_i","cadun_qtd_familias_atualizadas_pobreza_pbf_i","cadun_qtd_familias_atualizadas_pobreza_pbf_i","Famílias atualizadas na faixa de pobreza do Bolsa Família.","familias","contagem","integer","[0,Inf]","double",87.642,6185,2,654666,0,"alta",FALSE,"","","manter","01_assistencia_social_dh/cadunico",,FALSE
"01_assistencia_social_dh","cadun_qtd_familias_atualizadas_baixa_renda_i","cadun_qtd_familias_atualizadas_baixa_renda_i","cadun_qtd_familias_atualizadas_baixa_renda_i","Famílias atualizadas na faixa de baixa renda.","familias","contagem","integer","[0,Inf]","double",87.642,3186,1,239650,0,"alta",FALSE,"","","manter","01_assistencia_social_dh/cadunico",,FALSE
"01_assistencia_social_dh","cadun_qtd_familias_atualizadas_rfpc_ate_meio_sm_i","cadun_qtd_familias_atualizadas_rfpc_ate_meio_sm_i","cadun_qtd_familias_atualizadas_rfpc_ate_meio_sm_i","Famílias atualizadas com renda familiar per capita de até meio salário mínimo.","familias","contagem","integer","[0,Inf]","double",72.194,10181,4,894316,0,"alta",FALSE,"","","manter","01_assistencia_social_dh/cadunico",,FALSE
"01_assistencia_social_dh","cadun_qtd_familias_atualizadas_rfpc_acima_meio_sm_i","cadun_qtd_familias_atualizadas_rfpc_acima_meio_sm_i","cadun_qtd_familias_atualizadas_rfpc_acima_meio_sm_i","Famílias atualizadas com renda familiar per capita acima de meio salário mínimo.","familias","contagem","integer","[0,Inf]","double",87.642,2915,0,328237,0,"alta",FALSE,"","","manter","01_assistencia_social_dh/cadunico",,FALSE
"01_assistencia_social_dh","cadun_qtd_familias_atualizadas_renda_zero_i","cadun_qtd_familias_atualizadas_renda_zero_i","cadun_qtd_familias_atualizadas_renda_zero_i","Famílias atualizadas com renda declarada igual a zero.","familias","contagem","integer","[0,Inf]","double",81.463,3100,0,269059,0,"alta",FALSE,"","","manter","01_assistencia_social_dh/cadunico",,FALSE
"01_assistencia_social_dh","cadun_taxa_atualizacao_cadastral_pct","cadun_taxa_atualizacao_cadastral_d","cadun_taxa_atualizacao_cadastral_d","Taxa de Atualização Cadastral: cadastros atualizados sobre o total de cadastros do município. Componente do Índice de Gestão Descentralizada do Bolsa Família.","percentual","0-100","double","[0,100]","double",72.194,5282,17.6,100,0,"alta",FALSE,"","","manter","01_assistencia_social_dh/cadunico",,FALSE
"01_assistencia_social_dh","cadun_taxa_atualizacao_cadastral_rfpc_ate_meio_sm_pct","cadun_taxa_atualizacao_cadastral_rfpc_ate_meio_sm_d","cadun_taxa_atualizacao_cadastral_rfpc_ate_meio_sm_d","Taxa de Atualização Cadastral restrita às famílias com renda per capita de até meio salário mínimo.","percentual","0-100","double","[0,100]","double",72.194,5044,18.03,128.8,0,"alta",FALSE,"","","manter","01_assistencia_social_dh/cadunico",,FALSE
"08_energia_internet","anatel_bl_densidade_media_anual_por_100_dom","media_densidade_banda_larga_anual","media_densidade_banda_larga_anual","Média anual de densidade banda larga nos municípios (acesso por 100 domicílios)","","","double","","double",47.656,94365,0.0029864644871251,319.325166661779,0,"baixa",TRUE,"inferência de escala/unidade incerta","Sem unidade no nome (acessos por 100 domicilios)","renomear","",,FALSE
"08_energia_internet","anatel_bl_densidade_media_anual_capital_uf","media_densidade_banda_larga_anual_capital","media_densidade_banda_larga_anual_capital","Média anual de densidade banda larga na capital da UF (acesso por 100 domicílios)","","","double","","double",47.656,663,0.3536900210458,50.4426704739709,0,"baixa",TRUE,"inferência de escala/unidade incerta","O sufixo _capital designa a CAPITAL DA UF mas le-se como per capita","renomear","",,FALSE
"08_energia_internet","anatel_bl_densidade_sobre_capital_uf_prop","prop_densidade_banda_larga_rel_capital","prop_densidade_banda_larga_rel_capital","Proporção da média anual de densidade banda larga nos municípios em relação a capital","proporcao","0-1","double","[0,1]","double",47.656,93911,0.000505277234677247,14.0602108166579,0,"baixa",TRUE,"inferência de escala/unidade incerta","Escala inconsistente: percentual no intermediario (bandalarga.R:79) e razao pura na dimensao (energia_internet.R:17)","renomear","",,FALSE
"08_energia_internet","anatel_tm_densidade_media_anual_por_100_dom","media_densidade_telefonia_movel_anual","media_densidade_telefonia_movel_anual","Média anual de densidade telefonia móvel nos municípios (acesso por 100 domicílios)","","","double","","double",84.552,27850,1.34833121103003,326.741185410567,0,"baixa",TRUE,"inferência de escala/unidade incerta","Sem unidade no nome","renomear","",,FALSE
"08_energia_internet","anatel_tm_densidade_media_anual_capital_uf","media_densidade_telefonia_movel_anual_capital","media_densidade_telefonia_movel_anual_capital","Média anual de densidade telefonia móvel na capital da UF (acesso por 100 domicílios)","","","double","","double",84.552,135,100.549604832097,192.715726499932,0,"baixa",TRUE,"inferência de escala/unidade incerta","Idem: _capital = capital da UF, nao per capita","renomear","",,FALSE
"08_energia_internet","anatel_tm_densidade_sobre_capital_uf_prop","prop_densidade_telefonia_movel_rel_capital","prop_densidade_telefonia_movel_rel_capital","Proporção da média anual de densidade telefonia móvel nos municípios em relação a capital","proporcao","0-1","double","[0,1]","double",84.552,27716,0.00893678888454767,2.52007545113984,0,"baixa",TRUE,"inferência de escala/unidade incerta","Mesma inconsistencia de escala (telefonia.R:74 vs energia_internet.R:29)","renomear","",,FALSE
"08_energia_internet","lpt_domicilios_atendidos_i","domicilios_atendidos_lpt_ano","domicilios_atendidos_lpt_ano","Domicílios atendidos pelo Luz para Todos","contagem","contagem","double","[0,Inf]","double",78.399,1118,0,6019,0,"media",FALSE,"inferência de escala/unidade a confirmar","Sufixo '_ano' ambiguo (e o fluxo do ano) num painel cuja chave ja e ano","renomear","",,FALSE
"08_energia_internet","lpt_domicilios_atendidos_acumulado_i","domicilios_atendidos_lpt_2004_2020","domicilios_atendidos_lpt_2004_2020","Total de domicílios atendidos pelo Luz para Todos desde o início do programa até 2020","contagem","contagem","double","[0,Inf]","double",78.399,1712,0,18721,0,"media",FALSE,"inferência de escala/unidade a confirmar","Faixa de anos embutida no nome da coluna","renomear","",,FALSE
"08_energia_internet","cobertura_eletricidade_00","cobertura_eletricidade_00","cobertura_eletricidade_00","% de casas com acesso à eletricidade em 2000","percentual","0-100","double","","double",78.406,2582,10.30000305,100,0,"media",FALSE,"inferência de escala/unidade a confirmar","","manter","",,FALSE
"08_energia_internet","cobertura_eletricidade_10","cobertura_eletricidade_10","cobertura_eletricidade_10","% de casas com acesso à eletricidade em 2010","percentual","0-100","double","","double",78.406,1109,41.83000183,100,0,"media",FALSE,"inferência de escala/unidade a confirmar","","manter","",,FALSE
"09_educacao","ideb_nota_media_municipio","media_ideb","media_ideb","Média IDEB município","","","double","","double",42.129,1089,1,8.33333333333333,0,"baixa",TRUE,"inferência de escala/unidade incerta","Media NAO PONDERADA de todas as linhas do municipio, incluindo as tres redes; convive com media_ideb_rede_* sem hierarquia explicita no nome","renomear","",,FALSE
"09_educacao","ideb_nota_saeb_padronizada_media","media_saeb","media_saeb","Média SAEB município","","","double","","double",42.129,54900,2.670304275,8.344299,0,"baixa",TRUE,"inferência de escala/unidade incerta","Atribui a fonte SAEB a um dado que vem da coluna nota_saeb_media_padronizada da tabela do IDEB (mesma familia: _fundamental, _medio, _anos_finais, _anos_iniciais, _rede_*)","renomear","",,FALSE
"09_educacao","ideb_meta_projetada_media","media_projecao","media_projecao","Média Projeção IDEB município","","","double","","double",57.001,947,1.3,7.25,0,"baixa",TRUE,"inferência de escala/unidade incerta","'projecao' de que indicador nao esta no nome: e a META do IDEB (mesma familia: _fundamental, _medio, _anos_finais, _anos_iniciais, _rede_*)","renomear","",,FALSE
"09_educacao","media_ideb_fundamental","media_ideb_fundamental","media_ideb_fundamental","","escore","escore","double","","double",42.239,731,1,9.6,0,"baixa",TRUE,"sem descrição no legado","","manter","",,FALSE
"09_educacao","media_ideb_medio","media_ideb_medio","media_ideb_medio","","escore","escore","double","","double",82.215,156,1.5,7.1,0,"baixa",TRUE,"sem descrição no legado","","manter","",,FALSE
"09_educacao","media_saeb_fundamental","media_saeb_fundamental","media_saeb_fundamental","","escore","escore","double","","double",42.239,54771,2.670304275,9.6065,0,"baixa",TRUE,"sem descrição no legado","","manter","",,FALSE
"09_educacao","media_saeb_medio","media_saeb_medio","media_saeb_medio","","escore","escore","double","","double",82.214,18519,2.236053,7.058243,0,"baixa",TRUE,"sem descrição no legado","","manter","",,FALSE
"09_educacao","media_projecao_fundamental","media_projecao_fundamental","media_projecao_fundamental","","escore","escore","double","","double",57.001,663,1.3,7.45,0,"baixa",TRUE,"sem descrição no legado","","manter","",,FALSE
"09_educacao","media_projecao_medio","media_projecao_medio","media_projecao_medio","","escore","escore","double","","double",94.126,129,2,5.93333333333333,0,"baixa",TRUE,"sem descrição no legado","","manter","",,FALSE
"09_educacao","ideb_nota_media_ef_anos_finais","media_ideb_anos_finais","media_ideb_anos_finais","","","","double","","double",43.976,261,0.3,9.3,0,"baixa",TRUE,"sem descrição no legado","'anos' aqui significa SERIES escolares, no meio de uma base cuja chave temporal tambem se chama ano","renomear","",,FALSE
"09_educacao","ideb_nota_media_ef_anos_iniciais","media_ideb_anos_iniciais","media_ideb_anos_iniciais","","","","double","","double",43.862,299,1.2,10,0,"baixa",TRUE,"sem descrição no legado","Idem; e um recorte que se SOBREPOE a media_ideb_fundamental sem prefixo que indique o eixo de corte","renomear","",,FALSE
"09_educacao","media_saeb_anos_finais","media_saeb_anos_finais","media_saeb_anos_finais","","escore","escore","double","","double",43.975,37076,2.4151671,9.299333,0,"baixa",TRUE,"sem descrição no legado","","manter","",,FALSE
"09_educacao","media_saeb_anos_iniciais","media_saeb_anos_iniciais","media_saeb_anos_iniciais","","escore","escore","double","","double",43.862,53157,2.6474249,10,0,"baixa",TRUE,"sem descrição no legado","","manter","",,FALSE
"09_educacao","media_projecao_anos_finais","media_projecao_anos_finais","media_projecao_anos_finais","","escore","escore","double","","double",57.288,245,0.6,7.6,0,"baixa",TRUE,"sem descrição no legado","","manter","",,FALSE
"09_educacao","media_projecao_anos_iniciais","media_projecao_anos_iniciais","media_projecao_anos_iniciais","","escore","escore","double","","double",57.617,274,1.5,8.1,0,"baixa",TRUE,"sem descrição no legado","","manter","",,FALSE
"09_educacao","media_ideb_rede_estadual","media_ideb_rede_estadual","media_ideb_rede_estadual","","escore","escore","double","","double",50.354,216,0.3,7.8,0,"baixa",TRUE,"sem descrição no legado","","manter","",,FALSE
"09_educacao","media_ideb_rede_municipal","media_ideb_rede_municipal","media_ideb_rede_municipal","","escore","escore","double","","double",46.904,216,0.5,9.6,0,"baixa",TRUE,"sem descrição no legado","","manter","",,FALSE
"09_educacao","media_ideb_rede_federal","media_ideb_rede_federal","media_ideb_rede_federal","","escore","escore","double","","double",99.286,84,1.9,7.9,0,"baixa",TRUE,"sem descrição no legado","","manter","",,FALSE
"09_educacao","media_saeb_rede_estadual","media_saeb_rede_estadual","media_saeb_rede_estadual","","escore","escore","double","","double",50.348,43917,2.236053,7.9191709,0,"baixa",TRUE,"sem descrição no legado","","manter","",,FALSE
"09_educacao","media_saeb_rede_municipal","media_saeb_rede_municipal","media_saeb_rede_municipal","","escore","escore","double","","double",46.901,50393,2.4844999,9.6065,0,"baixa",TRUE,"sem descrição no legado","","manter","",,FALSE
"09_educacao","media_saeb_rede_federal","media_saeb_rede_federal","media_saeb_rede_federal","","escore","escore","double","","double",99.275,731,2.1552501,8.0559998,0,"baixa",TRUE,"sem descrição no legado","","manter","",,FALSE
"09_educacao","media_projecao_rede_estadual","media_projecao_rede_estadual","media_projecao_rede_estadual","","escore","escore","double","","double",61.319,179,1,7.6,0,"baixa",TRUE,"sem descrição no legado","","manter","",,FALSE
"09_educacao","media_projecao_rede_municipal","media_projecao_rede_municipal","media_projecao_rede_municipal","","escore","escore","double","","double",60.012,161,0.9,7.9,0,"baixa",TRUE,"sem descrição no legado","","manter","",,FALSE
"09_educacao","media_projecao_rede_federal","media_projecao_rede_federal","media_projecao_rede_federal","","escore","escore","double","","double",99.565,78,2,8.2,0,"baixa",TRUE,"sem descrição no legado","","manter","",,FALSE
"09_educacao","ano_ref_ideb","ano_ideb","ano_ideb","Ano de realização do IDEB","codigo","identificador","double","","double",41.318,10,2005,2023,0,"alta",FALSE,"","Ano da EDICAO da avaliacao (impares 2005-2023, numeric) convivendo com ano do painel (character); nada no nome indica que e a chave que distingue medicao de valor replicado","renomear","",,FALSE
"09_educacao","censup_instituicoes_ensino_superior_i","total_institucoes","total_institucoes","Total de Instituições de Ensino Superior","contagem","contagem","double","[0,Inf]","double",41.318,85,0,166,0,"media",FALSE,"inferência de escala/unidade a confirmar","ERRO DE DIGITACAO publicado (falta o 'i' de instituicoes) enquanto as nove colunas irmas escrevem certo; origem censo_educacao_superior.R:53, congelado em renomear_variaveis.R:93","renomear","",,FALSE
"09_educacao","censup_ies_federais_i","total_instituicoes_federais","total_instituicoes_federais","Total de Instituições de Ensino Superior Públicas Federais","contagem","contagem","double","[0,Inf]","double",41.318,8,0,10,0,"media",FALSE,"inferência de escala/unidade a confirmar","'instituicoes' de que nao esta no nome (sao IES do Censo da Educacao Superior); prefixo total_ generico. Mesma familia: _estaduais, _municipais, _especial, _privada_com_fins_lucrativos, _privada_sem_f","renomear","",,FALSE
"09_educacao","total_instituicoes_estaduais","total_instituicoes_estaduais","total_instituicoes_estaduais","Total de Instituições de Ensino Superior Públicas Estaduais","contagem","contagem","double","[0,Inf]","double",41.318,10,0,10,0,"media",FALSE,"inferência de escala/unidade a confirmar","","manter","",,FALSE
"09_educacao","total_instituicoes_municipais","total_instituicoes_municipais","total_instituicoes_municipais","Total de Instituições de Ensino Superior Públicas Municipais","contagem","contagem","double","[0,Inf]","double",41.318,5,0,4,0,"media",FALSE,"inferência de escala/unidade a confirmar","","manter","",,FALSE
"09_educacao","total_instituicoes_privada_com_fins_lucrativos","total_instituicoes_privada_com_fins_lucrativos","total_instituicoes_privada_com_fins_lucrativos","Total de Instituições de Ensino Superior Privadas com fins lucrativos","contagem","contagem","double","[0,Inf]","double",41.318,46,0,69,0,"media",FALSE,"inferência de escala/unidade a confirmar","","manter","",,FALSE
"09_educacao","total_instituicoes_privada_sem_fins_lucrativos","total_instituicoes_privada_sem_fins_lucrativos","total_instituicoes_privada_sem_fins_lucrativos","Total de Instituições de Ensino Superior Privadas sem fins lucrativos","contagem","contagem","double","[0,Inf]","double",41.318,53,0,93,0,"media",FALSE,"inferência de escala/unidade a confirmar","","manter","",,FALSE
"09_educacao","total_instituicoes_privada_particular","total_instituicoes_privada_particular","total_instituicoes_privada_particular","Total de Instituições de Ensino Superior Privadas Particulares","contagem","contagem","double","[0,Inf]","double",41.318,25,0,130,0,"media",FALSE,"inferência de escala/unidade a confirmar","","manter","",,FALSE
"09_educacao","total_instituicoes_especial","total_instituicoes_especial","total_instituicoes_especial","Total de Instituições de Ensino Superior Especiais","contagem","contagem","double","[0,Inf]","double",41.318,5,0,4,0,"media",FALSE,"inferência de escala/unidade a confirmar","","manter","",,FALSE
"09_educacao","total_instituicoes_privada_comunitaria","total_instituicoes_privada_comunitaria","total_instituicoes_privada_comunitaria","Total de Instituições de Ensino Superior Privadas Comunitárias","contagem","contagem","double","[0,Inf]","double",41.318,6,0,5,0,"media",FALSE,"inferência de escala/unidade a confirmar","","manter","",,FALSE
"09_educacao","total_instituicoes_privada_confessional","total_instituicoes_privada_confessional","total_instituicoes_privada_confessional","Total de Instituições de Ensino Superior Privadas Confessionais","contagem","contagem","double","[0,Inf]","double",41.318,8,0,12,0,"media",FALSE,"inferência de escala/unidade a confirmar","","manter","",,FALSE
"10_saude","pni_cobertura_vacinal_agregada_pct","cobertura_total","cobertura_total","Percentual da cobertura total de vacinação da população alvo da política","percentual","0-100","double","","double",17.297,13400,0.19,51175,0,"baixa",TRUE,"inferência de escala/unidade incerta","'total' de que: e a cobertura vacinal agregada do SI-PNI, mas o nome sugere cobertura de servico de saude","renomear","",,FALSE
"10_saude","cobertura_bcg","cobertura_bcg","cobertura_bcg","Percentual da cobertura de vacinação da população alvo da política BCG","percentual","0-100","double","","double",17.297,18260,0,13050,0,"media",FALSE,"inferência de escala/unidade a confirmar","","manter","",,FALSE
"10_saude","cobertura_dtp","cobertura_dtp","cobertura_dtp","Percentual da cobertura de vacinação da população alvo da política DTP","percentual","0-100","double","","double",32.745,15916,0,2900,0,"media",FALSE,"inferência de escala/unidade a confirmar","","manter","",,FALSE
"10_saude","cobertura_dtpa_gestante","cobertura_dtpa_gestante","cobertura_dtpa_gestante","Percentual da cobertura de vacinação da população alvo da política DTPA Gestante","percentual","0-100","double","","double",75.292,9840,0,10350,0,"media",FALSE,"inferência de escala/unidade a confirmar","","manter","",,FALSE
"10_saude","cobertura_febre_amarela","cobertura_febre_amarela","cobertura_febre_amarela","Percentual da cobertura de vacinação da população alvo da política Febre Amarela","percentual","0-100","double","","double",17.297,15313,0,10100,0,"media",FALSE,"inferência de escala/unidade a confirmar","","manter","",,FALSE
"10_saude","pni_cobertura_haemophilus_influenzae_b_pct","cobertura_haemophilus_influenza_b","cobertura_haemophilus_influenza_b","Percentual da cobertura de vacinação da população alvo da política Influenza B","percentual","0-100","double","","double",74.049,9436,0,1500,0,"baixa",TRUE,"inferência de escala/unidade incerta","Grafia incorreta do agente (o correto e Haemophilus influenzae tipo b); Imunizacoes/imunizacoes.R:31, congelado em renomear_variaveis.R:99","renomear","",,FALSE
"10_saude","cobertura_hepatite_a","cobertura_hepatite_a","cobertura_hepatite_a","Percentual da cobertura de vacinação da população alvo da política Hepatite A","percentual","0-100","double","","double",75.289,10683,0,8150,0,"media",FALSE,"inferência de escala/unidade a confirmar","","manter","",,FALSE
"10_saude","cobertura_hepatite_b","cobertura_hepatite_b","cobertura_hepatite_b","Percentual da cobertura de vacinação da população alvo da política Hepatite B","percentual","0-100","double","","double",17.297,15567,0,12500,0,"media",FALSE,"inferência de escala/unidade a confirmar","","manter","",,FALSE
"10_saude","cobertura_penta","cobertura_penta","cobertura_penta","Percentual da cobertura de vacinação da população alvo da política Penta","percentual","0-100","double","","double",69.116,12418,0,12500,0,"media",FALSE,"inferência de escala/unidade a confirmar","","manter","",,FALSE
"10_saude","cobertura_poliomielite","cobertura_poliomielite","cobertura_poliomielite","Percentual da cobertura de vacinação da população alvo da política Poliomelite","percentual","0-100","double","","double",17.297,16473,0,11250,0,"media",FALSE,"inferência de escala/unidade a confirmar","","manter","",,FALSE
"10_saude","pni_cobertura_poliomielite_reforco_4a_pct","cobertura_poliomielite_4anos","cobertura_poliomielite_4anos","Percentual da cobertura de vacinação da população alvo da política Poliomielite 4 Anos","percentual","0-100","double","","double",84.552,9397,0,341.67,0,"baixa",TRUE,"inferência de escala/unidade incerta","Idade embutida no meio do nome sem separador semantico","renomear","",,FALSE
"10_saude","cobertura_sarampo","cobertura_sarampo","cobertura_sarampo","Percentual da cobertura de vacinação da população alvo da política Sarampo","percentual","0-100","double","","double",72.87,13933,0,2600,0,"media",FALSE,"inferência de escala/unidade a confirmar","","manter","",,FALSE
"10_saude","cobertura_tetra_viral","cobertura_tetra_viral","cobertura_tetra_viral","Percentual da cobertura de vacinação da população alvo da política Tetra Viral","percentual","0-100","double","","double",72.202,11634,0,7250,0,"media",FALSE,"inferência de escala/unidade a confirmar","","manter","",,FALSE
"10_saude","cobertura_triplice_bacteriana","cobertura_triplice_bacteriana","cobertura_triplice_bacteriana","Percentual da cobertura de vacinação da população alvo da política Tríplice Bacteriana","percentual","0-100","double","","double",72.202,11096,0,9000,0,"media",FALSE,"inferência de escala/unidade a confirmar","","manter","",,FALSE
"10_saude","pni_cobertura_triplice_viral_dose1_pct","cobertura_triplice_viral_d1","cobertura_triplice_viral_d1","Percentual da cobertura de vacinação da população alvo da política Tríplice Viral D1","percentual","0-100","double","","double",29.104,15646,0,9550,0,"baixa",TRUE,"inferência de escala/unidade incerta","Sufixos d1/d2 nao explicados (1a e 2a dose), enquanto o par do IEPS usa 'tvd1'","renomear","",,FALSE
"10_saude","cobertura_triplice_viral_d2","cobertura_triplice_viral_d2","cobertura_triplice_viral_d2","Percentual da cobertura de vacinação da população alvo da política Tríplice Viral D2","percentual","0-100","double","","double",72.202,11837,0,7400,0,"media",FALSE,"inferência de escala/unidade a confirmar","","manter","",,FALSE
"10_saude","cobertura_esf_pct","proporcao_cobertura_estrategia_saude_familia","proporcao_cobertura_estrategia_saude_familia","Proporção da população coberta pela Estratégia Saúde da Família","percentual","0-100","double","[0,100]","double",56.766,21980,0,100,0,"alta",FALSE,"","Prefixo 'proporcao' com escala 0-100 (mediana 99,52, max 100); e uma das colunas consumidas por scripts/artigo","renomear","",,FALSE
"10_saude","cobertura_atencao_basica_pct","proporcao_cobertura_total_atencao_basica","proporcao_cobertura_total_atencao_basica","Proporção da população coberta pela atenção básica","percentual","0-100","double","[0,100]","double",56.766,23363,0,100,0,"alta",FALSE,"","Mesma inconsistencia: 'proporcao' com escala 0-100 (mediana 100)","renomear","",,FALSE
"00_diretorios","sigla_uf","sigla_uf","sigla_uf","Sigla da Unidade da Federação","texto","categorica","character","","character",81.464,27,,,0,"alta",FALSE,"","","manter","00_diretorios/municipios",,FALSE
"10_saude","ieps_cobertura_atencao_basica_pct","cob_ab","cob_ab","Cobertura da Atenção Básica (%)","percentual","0-100","double","[0,100]","double",81.468,5742,0,100,0,"alta",FALSE,"","Abreviacao criptica sem prefixo de fonte (IEPS); redundante com proporcao_cobertura_total_atencao_basica (correlacao 0,916). E uma das colunas consumidas por scripts/artigo","renomear","",,FALSE
"10_saude","ieps_cobertura_acs_pct","cob_acs","cob_acs","Cobertura de Agentes Comunitários de Saúde (%)","percentual","0-100","double","[0,100]","double",81.468,5480,0,100,0,"alta",FALSE,"","Abreviacao criptica (agentes comunitarios de saude) sem prefixo de fonte","renomear","",,FALSE
"10_saude","ieps_cobertura_esf_pct","cob_esf","cob_esf","Cobertura de Estratégia de Saúde da Família (%)","percentual","0-100","double","[0,100]","double",81.468,6524,0,100,0,"alta",FALSE,"","Abreviacao criptica; redundante com proporcao_cobertura_estrategia_saude_familia (correlacao 0,940)","renomear","",,FALSE
"10_saude","cob_vac_bcg","cob_vac_bcg","cob_vac_bcg","Cobertura Vacinal de BCG (%)","percentual","0-100","double","","double",81.47,11567,0,100,0,"media",FALSE,"inferência de escala/unidade a confirmar","","manter","",,FALSE
"10_saude","cob_vac_rota","cob_vac_rota","cob_vac_rota","Cobertura Vacinal de Rotavírus Humano (%)","percentual","0-100","double","","double",81.47,11330,0,100,0,"media",FALSE,"inferência de escala/unidade a confirmar","","manter","",,FALSE
"10_saude","cob_vac_menin","cob_vac_menin","cob_vac_menin","Cobertura Vacinal de Meningococo C (%)","percentual","0-100","double","","double",81.47,10301,0,100,0,"media",FALSE,"inferência de escala/unidade a confirmar","","manter","",,FALSE
"10_saude","cob_vac_pneumo","cob_vac_pneumo","cob_vac_pneumo","Cobertura Vacinal de Pneumocócica (%)","percentual","0-100","double","","double",81.47,11404,0,100,0,"media",FALSE,"inferência de escala/unidade a confirmar","","manter","",,FALSE
"10_saude","cob_vac_polio","cob_vac_polio","cob_vac_polio","Cobertura Vacinal de Poliomielite (%)","percentual","0-100","double","","double",81.47,10357,0,100,0,"media",FALSE,"inferência de escala/unidade a confirmar","","manter","",,FALSE
"10_saude","cob_vac_tvd1","cob_vac_tvd1","cob_vac_tvd1","Cobertura Vacinal de Tríplice Viral (1ª Dose) (%)","percentual","0-100","double","","double",81.47,9360,0,100,0,"media",FALSE,"inferência de escala/unidade a confirmar","","manter","",,FALSE
"10_saude","cob_vac_penta","cob_vac_penta","cob_vac_penta","Cobertura Vacinal de Pentavalente (%)","percentual","0-100","double","","double",84.557,10753,0,100,0,"media",FALSE,"inferência de escala/unidade a confirmar","","manter","",,FALSE
"10_saude","ieps_cobertura_hepatite_b_ate_30d_pct","cob_vac_hepb","cob_vac_hepb","Cobertura Vacinal de Hepatite B em crianças até 30 dias (%)","percentual","0-100","double","[0,100]","double",87.643,9998,0,100,0,"alta",FALSE,"","O nome sugere hepatite B em geral, mas o codebook define 'cobertura em criancas ate 30 dias'; correlacao 0,061 com cobertura_hepatite_b","renomear","",,FALSE
"10_saude","cob_vac_hepa","cob_vac_hepa","cob_vac_hepa","Cobertura Vacinal de Hepatite A (%)","percentual","0-100","double","","double",87.643,9557,0,100,0,"media",FALSE,"inferência de escala/unidade a confirmar","","manter","",,FALSE
"10_saude","pct_prenatal_adeq","pct_prenatal_adeq","pct_prenatal_adeq","Nascidos Vivos com Pré-Natal Adequado (%)","percentual","0-100","double","[0,100]","double",89.165,9508,1.4084507226944,100,0,"alta",FALSE,"","","manter","",,FALSE
"10_saude","pct_prenatal_zero","pct_prenatal_zero","pct_prenatal_zero","Nascidos Vivos com Nenhuma Consulta Pré-Natal (%)","percentual","0-100","double","[0,100]","double",82.99,6884,0,100,0,"alta",FALSE,"","","manter","",,FALSE
"10_saude","pct_prenatal_1a6","pct_prenatal_1a6","pct_prenatal_1a6","Nascidos Vivos com 1 a 6 Consultas Pré-Natal (%)","percentual","0-100","double","[0,100]","double",82.99,13885,0,97.2803344726562,0,"alta",FALSE,"","","manter","",,FALSE
"10_saude","pct_prenatal_7m","pct_prenatal_7m","pct_prenatal_7m","Nascidos Vivos com 7 ou Mais Consultas Pré-Natal (%)","percentual","0-100","double","[0,100]","double",82.99,14031,0,100,0,"alta",FALSE,"","","manter","",,FALSE
"10_saude","ieps_taxa_mortalidade_p100k","tx_mort","tx_mort","Mortalidade Bruta (por 100.000 Hab.)","por 100 mil hab.","taxa","double","","double",82.99,28523,0,2394.63598632812,0,"media",FALSE,"inferência de escala/unidade a confirmar","Prefixo tx_ sem unidade no nome (e por 100 mil hab.); compete com total_mortalidade da dim 14","renomear","",,FALSE
"10_saude","ieps_taxa_mortalidade_csap_p100k","tx_mort_csap","tx_mort_csap","Mortalidade Bruta por Condições Sensíveis a Atenção Primária (por 100.000 Hab.)","por 100 mil hab.","taxa","double","","double",82.99,26802,0,823.892883300781,0,"media",FALSE,"inferência de escala/unidade a confirmar","Sigla CSAP (condicoes sensiveis a atencao primaria) nao expandida e sem unidade; e uma das colunas consumidas por scripts/artigo","renomear","",,FALSE
"10_saude","ieps_taxa_mortalidade_evitavel_p100k","tx_mort_evit","tx_mort_evit","Mortalidade Bruta por Causas Evitáveis (por 100.000 Hab.)","por 100 mil hab.","taxa","double","","double",82.99,25860,0,670.498107910156,0,"media",FALSE,"inferência de escala/unidade a confirmar","Abreviacao 'evit' (evitavel) e sem unidade","renomear","",,FALSE
"10_saude","ieps_obitos_causas_mal_definidas_pct","pct_mort_maldef","pct_mort_maldef","Mortalidade Bruta por Causas Mal Definidas (%)","percentual","0-100","double","[0,100]","double",82.99,6273,0,100,0,"alta",FALSE,"","Abreviacao 'maldef' (causas mal definidas)","renomear","",,FALSE
"10_saude","tx_mort_aj_oms","tx_mort_aj_oms","tx_mort_aj_oms","Mortalidade Ajustada (OMS, por 100.000 Hab.)","por 100 mil hab.","taxa","double","","double",82.99,30620,0,1182.83630371094,0,"media",FALSE,"inferência de escala/unidade a confirmar","","manter","",,FALSE
"10_saude","tx_mort_csap_aj_oms","tx_mort_csap_aj_oms","tx_mort_csap_aj_oms","Mortalidade Ajustada por Condições Sensíveis à Atenção Primária (OMS, por 100.000 Hab.)","por 100 mil hab.","taxa","double","","double",82.99,29098,0,383.913513183594,0,"media",FALSE,"inferência de escala/unidade a confirmar","","manter","",,FALSE
"10_saude","tx_mort_evit_aj_oms","tx_mort_evit_aj_oms","tx_mort_evit_aj_oms","Mortalidade Ajustada por Causas Evitáveis (OMS, por 100.000 Hab.)","por 100 mil hab.","taxa","double","","double",82.99,29522,0,351.659118652344,0,"media",FALSE,"inferência de escala/unidade a confirmar","","manter","",,FALSE
"10_saude","tx_mort_aj_cens","tx_mort_aj_cens","tx_mort_aj_cens","Mortalidade Ajustada (Censo 2010, por 100.000 Hab.)","por 100 mil hab.","taxa","double","","double",82.99,30617,0,1295.19555664062,0,"media",FALSE,"inferência de escala/unidade a confirmar","","manter","",,FALSE
"10_saude","ieps_taxa_mortalidade_csap_padronizada_censo_p100k","tx_mort_csap_aj_cens","tx_mort_csap_aj_cens","Mortalidade Ajustada por Condições Sensíveis à Atenção Primária (Censo, por 100.000 Hab.)","por 100 mil hab.","taxa","double","","double",82.99,29985,0,428.764709472656,0,"media",FALSE,"inferência de escala/unidade a confirmar","'aj_cens' = padronizada pela estrutura etaria censitaria; sem unidade. E uma das colunas consumidas por scripts/artigo","renomear","",,FALSE
"10_saude","tx_mort_evit_aj_cens","tx_mort_evit_aj_cens","tx_mort_evit_aj_cens","Mortalidade Ajustada por Causas Evitáveis (Censo, por 100.000 Hab.)","por 100 mil hab.","taxa","double","","double",82.99,30022,0,375.726501464844,0,"media",FALSE,"inferência de escala/unidade a confirmar","","manter","",,FALSE
"10_saude","ieps_taxa_hospitalizacao_p100k","tx_hosp","tx_hosp","Hospitalizações (por 100.000 Hab.)","por 100 mil hab.","taxa","double","","double",81.467,33003,32.3394355773926,34186.83203125,0,"media",FALSE,"inferência de escala/unidade a confirmar","Sem unidade no nome; e uma das colunas consumidas por scripts/artigo","renomear","",,FALSE
"10_saude","ieps_taxa_hospitalizacao_csap_p100k","tx_hosp_csap","tx_hosp_csap","Hospitalizações por Condições Sensíveis à Atenção Primária (por 100.000 Hab.)","por 100 mil hab.","taxa","double","","double",81.467,32479,0,19189.470703125,0,"media",FALSE,"inferência de escala/unidade a confirmar","Sigla CSAP nao expandida e sem unidade","renomear","",,FALSE
"10_saude","tx_leito_sus","tx_leito_sus","tx_leito_sus","Leitos SUS (por 100.000 Hab.)","por 100 mil hab.","taxa","double","","double",81.464,20769,0,2300.96630859375,0,"media",FALSE,"inferência de escala/unidade a confirmar","","manter","",,FALSE
"10_saude","tx_leitouti_sus","tx_leitouti_sus","tx_leitouti_sus","Leitos de UTI SUS (por 100.000 Hab.)","por 100 mil hab.","taxa","double","","double",81.464,2747,0,324.237518310547,0,"media",FALSE,"inferência de escala/unidade a confirmar","","manter","",,FALSE
"10_saude","tx_med","tx_med","tx_med","Médicos (por 1.000 Hab.)","por 100 mil hab.","taxa","double","","double",81.468,25894,0,27.7070541381836,0,"media",FALSE,"inferência de escala/unidade a confirmar","","manter","",,FALSE
"10_saude","tx_enf","tx_enf","tx_enf","Enfermeiros (por 1.000 Hab.)","por 100 mil hab.","taxa","double","","double",81.468,26397,0,6.61554670333862,0,"media",FALSE,"inferência de escala/unidade a confirmar","","manter","",,FALSE
"10_saude","tx_med_ch","tx_med_ch","tx_med_ch","Médicos (Padronizados por Carga Horária, por 1.000 Hab.)","por 100 mil hab.","taxa","double","","double",81.468,32112,0,11.8863468170166,0,"media",FALSE,"inferência de escala/unidade a confirmar","","manter","",,FALSE
"10_saude","tx_enf_ch","tx_enf_ch","tx_enf_ch","Enfermeiros (Padronizados por Carga Horária, por 1.000 Hab.)","por 100 mil hab.","taxa","double","","double",81.468,30291,0,6.40103578567505,0,"media",FALSE,"inferência de escala/unidade a confirmar","","manter","",,FALSE
"10_saude","n_leito_nsus","n_leito_nsus","n_leito_nsus","Número de Leitos Não-SUS","contagem","contagem","double","[0,Inf]","double",81.464,634,0,18430,0,"media",FALSE,"inferência de escala/unidade a confirmar","","manter","",,FALSE
"10_saude","n_leitouti_nsus","n_leitouti_nsus","n_leitouti_nsus","Número de Leitos de UTI Não-SUS","contagem","contagem","double","[0,Inf]","double",81.464,263,0,3228,0,"media",FALSE,"inferência de escala/unidade a confirmar","","manter","",,FALSE
"10_saude","tx_leito_nsus","tx_leito_nsus","tx_leito_nsus","Leitos Não-SUS (por 100.000 Hab.)","por 100 mil hab.","taxa","double","","double",81.464,10309,0,2677.7021484375,0,"media",FALSE,"inferência de escala/unidade a confirmar","","manter","",,FALSE
"10_saude","tx_leitouti_nsus","tx_leitouti_nsus","tx_leitouti_nsus","Leitos de UTI Não-SUS (por 100.000 Hab.)","por 100 mil hab.","taxa","double","","double",81.464,2436,0,181.968566894531,0,"media",FALSE,"inferência de escala/unidade a confirmar","","manter","",,FALSE
"10_saude","ieps_cobertura_plano_privado_pct","cob_priv","cob_priv","Cobertura de Planos de Saúde (%)","percentual","0-100","double","[0,100]","double",81.479,33050,0,100,0,"alta",FALSE,"","Abreviacao criptica; e cobertura de PLANO PRIVADO e se confunde facilmente com cobertura publica","renomear","",,FALSE
"10_saude","ieps_despesa_saude_sobre_receita_propria_pct","pct_desp_recp_saude_mun","pct_desp_recp_saude_mun","Participação da Receita Própria Municipal Aplicada em Saúde - EC 29 (%)","percentual","0-100","double","[0,100]","double",81.526,2249,0,68.81,0,"alta",FALSE,"","Tres abreviacoes empilhadas ('desp', 'recp' = receita propria, 'mun'); colide conceitualmente com a dimensao 6 (SICONFI)","renomear","",,FALSE
"10_saude","desp_tot_saude_pc_mun","desp_tot_saude_pc_mun","desp_tot_saude_pc_mun","Despesa Total com Saúde Sob Responsabilidade do Município (por Hab., R$)","","","double","","double",81.526,28664,33.76,6269.87,0,"baixa",TRUE,"inferência de escala/unidade incerta","","manter","",,FALSE
"10_saude","desp_recp_saude_pc_mun","desp_recp_saude_pc_mun","desp_recp_saude_pc_mun","Despesa em Saúde Utilizando Recursos Próprios do Município (por Hab., R$)","","","double","","double",81.526,26927,0.03,4420.16,0,"baixa",TRUE,"inferência de escala/unidade incerta","","manter","",,FALSE
"10_saude","desp_tot_saude_pc_mun_def","desp_tot_saude_pc_mun_def","desp_tot_saude_pc_mun_def","Despesa Total com Saúde Sob Responsabilidade do Município (por Hab., R$ de 2021)","","","double","","double",81.526,32684,57.3540671631265,6511.14119461062,0,"baixa",TRUE,"inferência de escala/unidade incerta","","manter","",,FALSE
"10_saude","desp_recp_saude_pc_mun_def","desp_recp_saude_pc_mun_def","desp_recp_saude_pc_mun_def","Despesa em Saúde Utilizando Recursos Próprios do Município (por Hab., R$ de 2021)","","","double","","double",81.526,32588,0.0509662919103613,5067.20875045775,0,"baixa",TRUE,"inferência de escala/unidade incerta","","manter","",,FALSE
"10_saude","gasto_bolsa_familia_per_capita_brl2023","gasto_pbf_pc_def","gasto_pbf_pc_def","Gasto com o Programa Bolsa Família (por Hab., R$ de 2021)","R$","monetaria","double","","double",81.467,33413,0.242357950426055,1360.91847681738,0,"media",FALSE,"inferência de escala/unidade a confirmar","Conceitualmente pertence a assistencia social e nao a saude; '_def' esconde a base de deflacao; sigla PBF nao expandida. E uma das colunas consumidas por scripts/artigo","renomear","",,FALSE
"11_transportes","ano_inicio_tarifa_zero","ano_inicio","ano_inicio","Ano início Tarifa Zero","codigo","identificador","double","","double",99.943,23,1992,2023,0,"alta",FALSE,"","'inicio' de que nao esta no nome; generico o bastante para colidir com qualquer marco temporal de politica. So 106 linhas nao-NA","renomear","",,FALSE
"11_transportes","adota_tarifa_zero","adota_tarifa_zero","adota_tarifa_zero","Adota Tarifa Zero","","","double","","double",0.007,2,0,1,0,"baixa",TRUE,"inferência de escala/unidade incerta","","manter","",,FALSE
"11_transportes","comprometimento_tarifa_sobre_renda_domesticas_negras_prop","comprometimento_renda_domesticas_negras","comprometimento_renda_domesticas_negras","Comprometimento da renda para trabalhadoras domésticas negras","proporcao","0-1","double","[0,1]","double",99.85,220,0.126919659855312,0.301277416244878,0,"alta",FALSE,"","Sem escala no nome (fracao 0-1)","renomear","",,FALSE
"11_transportes","comprometimento_tarifa_sobre_salario_minimo_prop","comprometimento_salario_minimo","comprometimento_salario_minimo","Comprometimento da renda de um salário mínimo","proporcao","0-1","double","[0,1]","double",99.805,174,0.126903553299492,0.333333333333333,0,"alta",FALSE,"","Sem 'renda' e sem escala no nome (fracao 0-1); denominador so no nome parcialmente","renomear","",,FALSE
"11_transportes","tarifa_onibus_urbano_brl2023","tarifas","tarifas","Tarifa de transporte público para 26 capitais e Distrito Federal","R$","monetaria","double","","double",99.805,176,3.04385848622049,5.99970768867367,0,"media",FALSE,"inferência de escala/unidade a confirmar","Plural generico, sem unidade (R$), sem dizer que e passagem de onibus urbano e sem marca de deflacao - e o MESMO NOME em duas escalas (nominal x 12/2023)","renomear","",,FALSE
"11_transportes","municipio_tarifa_zero","municipio_tarifa_zero","municipio_Tarifa_Zero","","texto","categorica","character","","character",99.943,102,,,0,"alta",TRUE,"sem descrição no legado","","manter","",,FALSE
"12_habitacao","mcmv_unidades_contratadas_i","qtd_uh","qtd_uh","","contagem","contagem","double","[0,Inf]","double",47.489,1157,0,56896,0,"media",TRUE,"sem descrição no legado","Sigla 'uh' (unidades habitacionais) opaca, sem prefixo de fonte nem de programa (MCMV/FGTS)","renomear","",,FALSE
"12_habitacao","mcmv_unidades_entregues_coorte_i","qtd_uh_entregues","qtd_uh_entregues","Quantidade Unidades Habitacionais Entregues por ano no município","contagem","contagem","double","[0,Inf]","double",47.489,1121,0,56896,0,"media",FALSE,"inferência de escala/unidade a confirmar","Nao diz se sao entregues acumuladas ou no ano; na pratica e a soma dos contratos assinados no ano (entregues de coorte)","renomear","",,FALSE
"12_habitacao","mcmv_unidades_vigentes_em_20240930_i","qtd_uh_vigentes","qtd_uh_vigentes","Quantidade Unidades Habitacionais Em construção  por ano no município","contagem","contagem","double","[0,Inf]","double",47.489,294,0,11680,0,"media",FALSE,"inferência de escala/unidade a confirmar","'vigente' e um ESTOQUE medido na data_referencia (30/09/2024) imputado ao ano de assinatura - estoque tratado como fluxo","renomear","",,FALSE
"12_habitacao","mcmv_unidades_distratadas_em_20240930_i","qtd_uh_distratadas","qtd_uh_distratadas","Quantidade Unidades Distratadas por ano no município","contagem","contagem","double","[0,Inf]","double",47.489,69,0,4800,0,"media",FALSE,"inferência de escala/unidade a confirmar","Mesmo problema de estoque-vs-fluxo","renomear","",,FALSE
"12_habitacao","mcmv_valor_contratado_brl2023","val_contratado","val_contratado","Valor contratado no MCMV, por ano por município","R$","monetaria","double","","double",47.489,5666,0,205833188096.819,0,"media",FALSE,"inferência de escala/unidade a confirmar","Nome generico de valor monetario, sem fonte, sem programa e sem sufixo _def apesar de deflacionado para 12/2023 (habitacao.R:60-61); convive com 22 colunas valor_emendas_* que sao outro universo","renomear","",,FALSE
"12_habitacao","mcmv_valor_desembolsado_brl2023","val_desembolsado","val_desembolsado","Valor desembolsado no MCMV, por ano por município","R$","monetaria","double","","double",47.489,5791,0,350765617678.441,0,"media",FALSE,"inferência de escala/unidade a confirmar","Idem; e a coluna mais afetada pelo bug de escala 100x","renomear","",,FALSE
"13_seguranca","sim_obitos_totais_i","total_mortalidade","total_mortalidade","Total mortalidade município","contagem","contagem","double","[0,Inf]","double",26.505,3133,1,78581,0,"media",FALSE,"inferência de escala/unidade a confirmar","Prefixo total_ generico; nao indica a fonte (SIM) nem a granularidade (ocorrencia x residencia)","renomear","",,FALSE
"13_seguranca","sim_obitos_homicidio_i","total_mortalidade_homicidio","total_mortalidade_homicidio","Total mortalidade município - Foram considerados homicídios os registros cujas causas básicas de morte incluem os códigos dos seguintes intervalos: X85 a X99 e Y00 a Y05 (Cerqueira et al. 2015).","contagem","contagem","double","[0,Inf]","double",26.505,646,0,5156,0,"media",FALSE,"inferência de escala/unidade a confirmar","Sem fonte no nome; sugere equivalencia com quantidade_homicidio_doloso (FBSP), que tem definicao, cobertura e periodo diferentes","renomear","",,FALSE
"13_seguranca","sim_obitos_causa_alcool_i","total_mortalidade_alcool","total_mortalidade_alcool","Total mortalidade município - Causas associadas a álcool F10 (https://iclinic.com.br/cid/f10/) ","contagem","contagem","double","[0,Inf]","double",26.505,136,0,508,0,"media",FALSE,"inferência de escala/unidade a confirmar","Sem fonte; e obito com causa basica F10, colocado lado a lado com quantidade_posse_uso_entorpecente (ocorrencia policial) sem distincao","renomear","",,FALSE
"13_seguranca","total_mortalidade_feminino","total_mortalidade_feminino","total_mortalidade_feminino","Total mortalidade município - Feminino","contagem","contagem","double","[0,Inf]","double",26.505,1965,0,38245,0,"media",FALSE,"inferência de escala/unidade a confirmar","","manter","",,FALSE
"13_seguranca","total_mortalidade_masculino","total_mortalidade_masculino","total_mortalidade_masculino","Total mortalidade município - Masculino","contagem","contagem","double","[0,Inf]","double",26.505,2269,0,43117,0,"media",FALSE,"inferência de escala/unidade a confirmar","","manter","",,FALSE
"13_seguranca","total_mortalidade_homicidio_feminino","total_mortalidade_homicidio_feminino","total_mortalidade_homicidio_feminino","Total mortalidade município - Feminino - Foram considerados homicídios os registros cujas causas básicas de morte incluem os códigos dos seguintes intervalos: X85 a X99 e Y00 a Y05 (Cerqueira et al. 2015).","contagem","contagem","double","[0,Inf]","double",26.505,138,0,365,0,"media",FALSE,"inferência de escala/unidade a confirmar","","manter","",,FALSE
"13_seguranca","total_mortalidade_homicidio_masculino","total_mortalidade_homicidio_masculino","total_mortalidade_homicidio_masculino","Total mortalidade município - Masculino - Foram considerados homicídios os registros cujas causas básicas de morte incluem os códigos dos seguintes intervalos: X85 a X99 e Y00 a Y05 (Cerqueira et al. 2015).","contagem","contagem","double","[0,Inf]","double",26.505,631,0,4791,0,"media",FALSE,"inferência de escala/unidade a confirmar","","manter","",,FALSE
"13_seguranca","total_mortalidade_alcool_feminino","total_mortalidade_alcool_feminino","total_mortalidade_alcool_feminino","Total mortalidade município - Feminino - Causas associadas a álcool F10 (https://iclinic.com.br/cid/f10/) ","contagem","contagem","double","[0,Inf]","double",26.505,29,0,61,0,"media",FALSE,"inferência de escala/unidade a confirmar","","manter","",,FALSE
"13_seguranca","total_mortalidade_alcool_masculino","total_mortalidade_alcool_masculino","total_mortalidade_alcool_masculino","Total mortalidade município - Masculino - Causas associadas a álcool F10 (https://iclinic.com.br/cid/f10/) ","contagem","contagem","double","[0,Inf]","double",26.505,133,0,460,0,"media",FALSE,"inferência de escala/unidade a confirmar","","manter","",,FALSE
"13_seguranca","total_mortalidade_branca","total_mortalidade_branca","total_mortalidade_branca","Total mortalidade município - Branca","contagem","contagem","double","[0,Inf]","double",26.505,2247,0,53341,0,"media",FALSE,"inferência de escala/unidade a confirmar","","manter","",,FALSE
"13_seguranca","total_mortalidade_preta","total_mortalidade_preta","total_mortalidade_preta","Total mortalidade município - Preta","contagem","contagem","double","[0,Inf]","double",26.505,714,0,7654,0,"media",FALSE,"inferência de escala/unidade a confirmar","","manter","",,FALSE
"13_seguranca","total_mortalidade_parda","total_mortalidade_parda","total_mortalidade_parda","Total mortalidade município - Parda","contagem","contagem","double","[0,Inf]","double",26.505,1630,0,18003,0,"media",FALSE,"inferência de escala/unidade a confirmar","","manter","",,FALSE
"13_seguranca","total_mortalidade_amarela","total_mortalidade_amarela","total_mortalidade_amarela","Total mortalidade município - Amarela","contagem","contagem","double","[0,Inf]","double",26.505,202,0,9205,0,"media",FALSE,"inferência de escala/unidade a confirmar","","manter","",,FALSE
"13_seguranca","total_mortalidade_indigena","total_mortalidade_indigena","total_mortalidade_indigena","Total mortalidade município - Indígena","contagem","contagem","double","[0,Inf]","double",26.505,117,0,600,0,"media",FALSE,"inferência de escala/unidade a confirmar","","manter","",,FALSE
"13_seguranca","total_mortalidade_preta_feminino","total_mortalidade_preta_feminino","total_mortalidade_preta_feminino","Total mortalidade município - Preta - Feminino","contagem","contagem","double","[0,Inf]","double",26.505,462,0,3823,0,"media",FALSE,"inferência de escala/unidade a confirmar","","manter","",,FALSE
"13_seguranca","total_mortalidade_parda_feminino","total_mortalidade_parda_feminino","total_mortalidade_parda_feminino","Total mortalidade município - Parda - Feminino","contagem","contagem","double","[0,Inf]","double",26.505,973,0,8229,0,"media",FALSE,"inferência de escala/unidade a confirmar","","manter","",,FALSE
"13_seguranca","total_mortalidade_branca_feminino","total_mortalidade_branca_feminino","total_mortalidade_branca_feminino","Total mortalidade município - Branca - Feminino","contagem","contagem","double","[0,Inf]","double",26.505,1432,0,27078,0,"media",FALSE,"inferência de escala/unidade a confirmar","","manter","",,FALSE
"13_seguranca","total_mortalidade_amarela_feminino","total_mortalidade_amarela_feminino","total_mortalidade_amarela_feminino","Total mortalidade município - Amarela - Feminino","contagem","contagem","double","[0,Inf]","double",26.505,124,0,3873,0,"media",FALSE,"inferência de escala/unidade a confirmar","","manter","",,FALSE
"13_seguranca","total_mortalidade_indigena_feminino","total_mortalidade_indigena_feminino","total_mortalidade_indigena_feminino","Total mortalidade município - Indígena - Feminino","contagem","contagem","double","[0,Inf]","double",26.505,59,0,255,0,"media",FALSE,"inferência de escala/unidade a confirmar","","manter","",,FALSE
"13_seguranca","total_mortalidade_homicidio_branca","total_mortalidade_homicidio_branca","total_mortalidade_homicidio_branca","Total mortalidade município - Branca - Homicídio","contagem","contagem","double","[0,Inf]","double",26.505,288,0,2546,0,"media",FALSE,"inferência de escala/unidade a confirmar","","manter","",,FALSE
"13_seguranca","total_mortalidade_homicidio_preta","total_mortalidade_homicidio_preta","total_mortalidade_homicidio_preta","Total mortalidade município - Preta - Homicídio","contagem","contagem","double","[0,Inf]","double",26.505,155,0,461,0,"media",FALSE,"inferência de escala/unidade a confirmar","","manter","",,FALSE
"13_seguranca","total_mortalidade_homicidio_parda","total_mortalidade_homicidio_parda","total_mortalidade_homicidio_parda","Total mortalidade município - Parda - Homicídio","contagem","contagem","double","[0,Inf]","double",26.505,477,0,2092,0,"media",FALSE,"inferência de escala/unidade a confirmar","","manter","",,FALSE
"13_seguranca","total_mortalidade_homicidio_amarela","total_mortalidade_homicidio_amarela","total_mortalidade_homicidio_amarela","Total mortalidade município - Amarela - Homicídio","contagem","contagem","double","[0,Inf]","double",26.505,26,0,415,0,"media",FALSE,"inferência de escala/unidade a confirmar","","manter","",,FALSE
"13_seguranca","total_mortalidade_homicidio_indigena","total_mortalidade_homicidio_indigena","total_mortalidade_homicidio_indigena","Total mortalidade município - Indígena - Homicídio","contagem","contagem","double","[0,Inf]","double",26.505,20,0,55,0,"media",FALSE,"inferência de escala/unidade a confirmar","","manter","",,FALSE
"13_seguranca","sim_obitos_ocorridos_no_domicilio_i","total_mortalidade_domicilio","total_mortalidade_domicilio","Total mortalidade município - No domicílio","contagem","contagem","double","[0,Inf]","double",26.505,289,0,965,0,"media",FALSE,"inferência de escala/unidade a confirmar","'_domicilio' designa local de OCORRENCIA do obito, mas se le como municipio de residencia (36 colunas da familia usam esse sufixo)","renomear","",,FALSE
"13_seguranca","total_mortalidade_homicidio_domicilio","total_mortalidade_homicidio_domicilio","total_mortalidade_homicidio_domicilio","Total mortalidade município - Homicídio - No domicílio","contagem","contagem","double","[0,Inf]","double",26.505,138,0,354,0,"media",FALSE,"inferência de escala/unidade a confirmar","","manter","",,FALSE
"13_seguranca","total_mortalidade_alcool_domicilio","total_mortalidade_alcool_domicilio","total_mortalidade_alcool_domicilio","Total mortalidade município - No domicílio - Causas relacionadas à álcool","contagem","contagem","double","[0,Inf]","double",26.505,1,0,0,0,"media",FALSE,"inferência de escala/unidade a confirmar","","manter","",,FALSE
"13_seguranca","total_mortalidade_homicidio_feminino_domicilio","total_mortalidade_homicidio_feminino_domicilio","total_mortalidade_homicidio_feminino_domicilio","Total mortalidade município - Homicídio - No domicílio - Feminino","contagem","contagem","double","[0,Inf]","double",26.505,45,0,49,0,"media",FALSE,"inferência de escala/unidade a confirmar","","manter","",,FALSE
"13_seguranca","total_mortalidade_homicidio_masculino_domicilio","total_mortalidade_homicidio_masculino_domicilio","total_mortalidade_homicidio_masculino_domicilio","Total mortalidade município - Homicídio - No domicílio - Masculino","contagem","contagem","double","[0,Inf]","double",26.505,118,0,334,0,"media",FALSE,"inferência de escala/unidade a confirmar","","manter","",,FALSE
"13_seguranca","total_mortalidade_alcool_feminino_domicilio","total_mortalidade_alcool_feminino_domicilio","total_mortalidade_alcool_feminino_domicilio","Total mortalidade município - No domicílio - Causas relacionadas à álcool - Feminino","contagem","contagem","double","[0,Inf]","double",26.505,1,0,0,0,"media",FALSE,"inferência de escala/unidade a confirmar","","manter","",,FALSE
"13_seguranca","total_mortalidade_alcool_masculino_domicilio","total_mortalidade_alcool_masculino_domicilio","total_mortalidade_alcool_masculino_domicilio","Total mortalidade município - No domicílio - Causas relacionadas à álcool - Masculino","contagem","contagem","double","[0,Inf]","double",26.505,1,0,0,0,"media",FALSE,"inferência de escala/unidade a confirmar","","manter","",,FALSE
"13_seguranca","total_mortalidade_homicidio_branca_domicilio","total_mortalidade_homicidio_branca_domicilio","total_mortalidade_homicidio_branca_domicilio","Total mortalidade município - Homicídio - Branca - Domicílio","contagem","contagem","double","[0,Inf]","double",26.505,78,0,121,0,"media",FALSE,"inferência de escala/unidade a confirmar","","manter","",,FALSE
"13_seguranca","total_mortalidade_homicidio_preta_domicilio","total_mortalidade_homicidio_preta_domicilio","total_mortalidade_homicidio_preta_domicilio","Total mortalidade município - Homicídio - Preta - Domicílio","contagem","contagem","double","[0,Inf]","double",26.505,26,0,30,0,"media",FALSE,"inferência de escala/unidade a confirmar","","manter","",,FALSE
"13_seguranca","total_mortalidade_homicidio_parda_domicilio","total_mortalidade_homicidio_parda_domicilio","total_mortalidade_homicidio_parda_domicilio","Total mortalidade município - Homicídio - Parda - Domicílio","contagem","contagem","double","[0,Inf]","double",26.505,96,0,198,0,"media",FALSE,"inferência de escala/unidade a confirmar","","manter","",,FALSE
"13_seguranca","total_mortalidade_homicidio_amarela_domicilio","total_mortalidade_homicidio_amarela_domicilio","total_mortalidade_homicidio_amarela_domicilio","Total mortalidade município - Homicídio - Amarela - Domicílio","contagem","contagem","double","[0,Inf]","double",26.505,7,0,9,0,"media",FALSE,"inferência de escala/unidade a confirmar","","manter","",,FALSE
"13_seguranca","total_mortalidade_homicidio_indigena_domicilio","total_mortalidade_homicidio_indigena_domicilio","total_mortalidade_homicidio_indigena_domicilio","Total mortalidade município - Homicídio - Indígena - Domicílio","contagem","contagem","double","[0,Inf]","double",26.505,9,0,9,0,"media",FALSE,"inferência de escala/unidade a confirmar","","manter","",,FALSE
"13_seguranca","quantidade_mortes_intervencao_policial_civil_fora_de_servico","quantidade_mortes_intervencao_policial_civil_fora_de_servico","quantidade_mortes_intervencao_policial_civil_fora_de_servico","Quantidade de Mortes decorrentes de intervenções de Policiais Civis fora de serviço","texto","categorica","character","","character",99.979,8,,,0,"alta",TRUE,"tipo declarado 'double' divergia do real 'character'","","manter","",,FALSE
"13_seguranca","fbsp_feminicidio_i","quantidade_feminicidio","quantidade_feminicidio","Quantidade de Vítimas de Feminicídio","texto","categorica","character","","character",99.941,28,,,0,"alta",TRUE,"tipo declarado 'double' divergia do real 'character'","Sem fonte; sugere equivalencia com total_mortalidade_homicidio_feminino (SIM), que e outro universo","renomear","",,FALSE
"13_seguranca","quantidade_mortes_intervencao_policial_militar_fora_de_servico","quantidade_mortes_intervencao_policial_militar_fora_de_servico","quantidade_mortes_intervencao_policial_militar_fora_de_servico","Quantidade de Mortes decorrentes de intervenções de Policiais Militares fora de serviço","texto","categorica","character","","character",99.978,16,,,0,"alta",TRUE,"tipo declarado 'double' divergia do real 'character'","","manter","",,FALSE
"13_seguranca","quantidade_furto_veiculos","quantidade_furto_veiculos","quantidade_furto_veiculos","Quantidade de Veículos Furtados","texto","categorica","character","","character",99.915,148,,,0,"alta",TRUE,"tipo declarado 'double' divergia do real 'character'","","manter","",,FALSE
"13_seguranca","quantidade_mortes_intervencao_policial_civil_em_servico","quantidade_mortes_intervencao_policial_civil_em_servico","quantidade_mortes_intervencao_policial_civil_em_servico","Quantidade de Mortes decorrentes de intervenções de Policiais Civis em serviço","texto","categorica","character","","character",99.978,8,,,0,"alta",TRUE,"tipo declarado 'double' divergia do real 'character'","","manter","",,FALSE
"13_seguranca","quantidade_estupro","quantidade_estupro","quantidade_estupro","Quantidade de Vítimas por Estupro, incluindo as Vítimas de Estupro de Vulnerável","texto","categorica","character","","character",99.911,145,,,0,"alta",TRUE,"tipo declarado 'double' divergia do real 'character'","","manter","",,FALSE
"13_seguranca","fbsp_mortes_policiais_civis_confronto_em_servico_i","quantidade_morte_policiais_civis_confronto_em_servico","quantidade_morte_policiais_civis_confronto_em_servico","Quantidade de Policiais Civis mortos em confronto em serviço","texto","categorica","character","","character",99.972,4,,,0,"alta",TRUE,"tipo declarado 'double' divergia do real 'character'","'morte' no SINGULAR contra 'mortes' em todas as irmas (mesma familia: _civis_fora_de_servico, _militares_confronto_em_servico, _militares_fora_de_servico)","renomear","",,FALSE
"13_seguranca","quantidade_mortes_intervencao_policial_militar_em_servico","quantidade_mortes_intervencao_policial_militar_em_servico","quantidade_mortes_intervencao_policial_militar_em_servico","Quantidade de Mortes decorrentes de intervenções de Policiais Militares em serviço","texto","categorica","character","","character",99.977,30,,,0,"alta",TRUE,"tipo declarado 'double' divergia do real 'character'","","manter","",,FALSE
"13_seguranca","fbsp_mortes_policiais_agregado_i","quantidade_mortes_policiais_confronto","quantidade_mortes_policiais_confronto","Quantidade de Policiais Civis e Militares Mortos em Situação de Confronto","texto","categorica","character","","character",99.913,22,,,0,"alta",TRUE,"tipo declarado 'double' divergia do real 'character'","Mesmo problema de agregado convivendo com partes","renomear","",,FALSE
"13_seguranca","quantidade_mortes_violentas_intencionais","quantidade_mortes_violentas_intencionais","quantidade_mortes_violentas_intencionais","Quantidade de Mortes Violentas Intencionais","texto","categorica","character","","character",99.91,150,,,0,"alta",TRUE,"tipo declarado 'double' divergia do real 'character'","","manter","",,FALSE
"13_seguranca","quantidade_posse_uso_entorpecente","quantidade_posse_uso_entorpecente","quantidade_posse_uso_entorpecente","Quantidade de Posse e Uso de Entorpecentes","texto","categorica","character","","character",99.941,105,,,0,"alta",TRUE,"tipo declarado 'double' divergia do real 'character'","","manter","",,FALSE
"13_seguranca","quantidade_morte_policiais_militares_fora_de_servico","quantidade_morte_policiais_militares_fora_de_servico","quantidade_morte_policiais_militares_fora_de_servico","Quantidade de Policiais Militares mortos em confronto ou por lesão não natural fora de serviço","texto","categorica","character","","character",99.971,13,,,0,"alta",TRUE,"tipo declarado 'double' divergia do real 'character'","","manter","",,FALSE
"13_seguranca","quantidade_morte_policiais_civis_fora_de_servico","quantidade_morte_policiais_civis_fora_de_servico","quantidade_morte_policiais_civis_fora_de_servico","Quantidade de Policiais Civis mortos em confronto ou por lesão não natural fora de serviço","texto","categorica","character","","character",99.972,5,,,0,"alta",TRUE,"tipo declarado 'double' divergia do real 'character'","","manter","",,FALSE
"13_seguranca","quantidade_latrocinio","quantidade_latrocinio","quantidade_latrocinio","Quantidade de Latrocínios","texto","categorica","character","","character",99.91,48,,,0,"alta",TRUE,"tipo declarado 'double' divergia do real 'character'","","manter","",,FALSE
"13_seguranca","quantidade_porte_ilegal_arma_de_fogo","quantidade_porte_ilegal_arma_de_fogo","quantidade_porte_ilegal_arma_de_fogo","Quantidade de Ocorrências de Porte Ilegal de Arma de Fogo","texto","categorica","character","","character",99.953,76,,,0,"alta",TRUE,"tipo declarado 'double' divergia do real 'character'","","manter","",,FALSE
"13_seguranca","fbsp_mortes_intervencao_policial_agregado_i","quantidade_mortes_intervencao_policial","quantidade_mortes_intervencao_policial","Quantidade de Mortes Decorrentes de Intervenção Policial (em serviço e fora de serviço)","texto","categorica","character","","character",99.913,80,,,0,"alta",TRUE,"tipo declarado 'double' divergia do real 'character'","Agregado convivendo com as quatro partes (civil/militar x em servico/fora de servico) sem indicacao de que somar as partes duplica o agregado","renomear","",,FALSE
"13_seguranca","fbsp_roubo_e_furto_veiculos_agregado_i","quantidade_roubo_furto_veiculos","quantidade_roubo_furto_veiculos","Quantidade de Veículos Roubados e Furtados","texto","categorica","character","","character",99.912,153,,,0,"alta",TRUE,"tipo declarado 'double' divergia do real 'character'","Nao deixa claro se e roubo+furto somados ou uma terceira categoria; convive com quantidade_roubo_veiculos e quantidade_furto_veiculos","renomear","",,FALSE
"13_seguranca","quantidade_posse_ilegal_arma_de_fogo","quantidade_posse_ilegal_arma_de_fogo","quantidade_posse_ilegal_arma_de_fogo","Quantidade de Ocorrências de Posse Ilegal de Arma de Fogo","texto","categorica","character","","character",99.96,65,,,0,"alta",TRUE,"tipo declarado 'double' divergia do real 'character'","","manter","",,FALSE
"13_seguranca","quantidade_lesao_corporal_dolosa_violencia_domestica","quantidade_lesao_corporal_dolosa_violencia_domestica","quantidade_lesao_corporal_dolosa_violencia_domestica","Quantidade de Vítimas de Lesão Corporal em Violência Doméstica","texto","categorica","character","","character",99.948,94,,,0,"alta",TRUE,"tipo declarado 'double' divergia do real 'character'","","manter","",,FALSE
"13_seguranca","quantidade_trafico_entorpecente","quantidade_trafico_entorpecente","quantidade_trafico_entorpecente","Quantidade de Ocorrências de Tráfico de Entorpecentes","texto","categorica","character","","character",99.94,107,,,0,"alta",TRUE,"tipo declarado 'double' divergia do real 'character'","","manter","",,FALSE
"13_seguranca","quantidade_roubo_veiculos","quantidade_roubo_veiculos","quantidade_roubo_veiculos","Quantidade de Veículos Roubados","texto","categorica","character","","character",99.915,149,,,0,"alta",TRUE,"tipo declarado 'double' divergia do real 'character'","","manter","",,FALSE
"13_seguranca","quantidade_lesao_corporal_morte","quantidade_lesao_corporal_morte","quantidade_lesao_corporal_morte","Quantidade de Lesões Corporais Seguida de Morte","texto","categorica","character","","character",99.911,32,,,0,"alta",TRUE,"tipo declarado 'double' divergia do real 'character'","","manter","",,FALSE
"13_seguranca","fbsp_mortes_intervencao_policial_sobre_mvi_prop","proporcao_mortes_intenvencao_policial_x_mortes_violentas_intencionais","proporcao_mortes_intenvencao_policial_x_mortes_violentas_intencionais","Proporção de Mortes Decorrentes de Intervenções Policiais (MDIP) em relação às Mortes Violentas Intencionais (MVI)","proporcao","0-1","double","[0,1]","double",99.915,38,0,37,0,"baixa",TRUE,"inferência de escala/unidade incerta","ERRO DE DIGITACAO publicado ('intenvencao' em vez de 'intervencao'), alem de 'x' como separador de razao; anuario.R:35 e renomear_variaveis.R:144","renomear","",,FALSE
"13_seguranca","quantidade_morte_policiais_militares_confronto_em_servico","quantidade_morte_policiais_militares_confronto_em_servico","quantidade_morte_policiais_militares_confronto_em_servico","Quantidade de Policiais Militares mortos em confronto em serviço","texto","categorica","character","","character",99.972,7,,,0,"alta",TRUE,"tipo declarado 'double' divergia do real 'character'","","manter","",,FALSE
"13_seguranca","fbsp_posse_e_porte_ilegal_arma_agregado_i","quantidade_posse_ilegal_porte_ilegal_arma_de_fogo","quantidade_posse_ilegal_porte_ilegal_arma_de_fogo","Quantidade de Ocorrências de Posse Ilegal e Porte Ilegal de Arma de Fogo","texto","categorica","character","","character",99.944,94,,,0,"alta",TRUE,"tipo declarado 'double' divergia do real 'character'","Mesma ambiguidade agregado-vs-categoria; convive com as duas partes","renomear","",,FALSE
"13_seguranca","fbsp_grupo_municipio_cat","grupo","grupo","Grupos segundo qualidade estimada dos registros estatísticos oficiais","texto","categorica","character","","character",99.94,4,,,0,"alta",FALSE,"","PUBLICADO como coluna 399 com nome maximamente generico; e a classificacao Grupo 1..4 do FBSP, sem definicao em lugar nenhum, e colide com o 'grupo' (vulneravel) do Disque 100","renomear","",,FALSE
"13_seguranca","fbsp_homicidio_doloso_i","quantidade_homicidio_doloso","quantidade_homicidio_doloso","Quantidade de Homicídios Dolosos","texto","categorica","character","","character",99.91,147,,,0,"alta",FALSE,"","Declarada STRING no dicionario apesar de ser contagem; cobertura restrita (27 capitais, 2016-2021) invisivel no nome","renomear","",,FALSE
"14_corrupcao","cgu_constatacoes_i","total_acao","total_acao","Total de ações fiscalizadas nos municípios","contagem","contagem","double","[0,Inf]","double",99.159,157,1,269,0,"media",FALSE,"inferência de escala/unidade a confirmar","Nome generico E semanticamente errado: conta CONSTATACOES, nao acoes; alem disso 'acao' e o nome de outra coluna do proprio bruto (cgu$acao = acao orcamentaria)","renomear","",,FALSE
"14_corrupcao","cgu_constatacoes_falha_grave_i","total_falhas_graves","total_falhas_graves","Total de falhas graves nas ações fiscalizadas nos municípios","contagem","contagem","double","[0,Inf]","double",99.159,62,0,92,0,"media",FALSE,"inferência de escala/unidade a confirmar","Sem prefixo de fonte; 'falha grave' e vocabulario interno da CGU nao definido na base","renomear","",,FALSE
"14_corrupcao","cgu_montante_fiscalizado_brl2023","montante_fiscalizado","montante_fiscalizado","Montante de recursos fiscalizados (deflacionados para dezembro de 2023)","R$","monetaria","double","","double",99.159,1515,0,62773858925.5934,0,"media",FALSE,"inferência de escala/unidade a confirmar","Sem prefixo, sem unidade e sem indicacao de que esta deflacionado a 12/2023","renomear","",,FALSE
"14_corrupcao","cgu_montante_fiscalizado_com_falha_grave_brl2023","montante_fiscalizado_falha_grave","montante_fiscalizado_falha_grave","Montante de recursos fiscalizados classificados como falhas graves (deflacionados para dezembro de 2023)","R$","monetaria","double","","double",99.159,229,0,62773858925.5934,0,"media",FALSE,"inferência de escala/unidade a confirmar","Ambiguo entre 'montante fiscalizado onde houve falha grave' e 'montante da falha grave' - e o primeiro, com dupla contagem","renomear","",,FALSE
"14_corrupcao","cgu_constatacoes_falha_grave_sobre_total_prop","prop_falhas_graves","prop_falhas_graves","Proporção de falhas graves em relação ao total de ações fiscalizadas","proporcao","0-1","double","[0,1]","double",99.159,652,0,1,0,"alta",FALSE,"","Nao diz o denominador (constatacoes, incluindo as do tipo 'Informacao'); sem sufixo de escala","renomear","",,FALSE
"14_corrupcao","cgu_montante_falha_grave_sobre_fiscalizado_prop","montante_falhas_graves","montante_falhas_graves","Proporção do montante fiscalizado como falha grave em relação ao montante fiscalizado","proporcao","0-1","double","[0,1]","double",99.16,2,0,1,0,"alta",FALSE,"","O NOME MENTE: prefixo montante_ sugere valor monetario, mas o conteudo e uma PROPORCAO 0-1 (cgu.R:23). Congelado na base publicada, posicao 406 de renomear_variaveis.R:149","renomear","",,FALSE
"15_dados_historicos","ln_receita_per_capita_1920_z","ln.pc.receita1920.sd","ln.pc.receita1920.sd","Valor de Receita tributária em 1923 em log e estandardizado (0-1)","log","log","double","","double",0.981,4886,0,1,0,"media",FALSE,"inferência de escala/unidade a confirmar","PONTOS como separador, abreviacoes nao explicadas (pc = per capita, sd = padronizado) e ano colado; sobrevive intacto ate a base publicada (renomear_variaveis.R:150)","renomear","",,FALSE
"15_dados_historicos","ln_administracao_publica_1920_z","ln.admpub.1920.sd","ln.admpub.1920.sd","Valor do número de funcionários na administração pública em 1920 em log e estandardizado (0-1)","log","log","double","","double",0.981,5505,0,1,0,"media",FALSE,"inferência de escala/unidade a confirmar","Pontos; 'admpub' (administracao publica) nao explicado","renomear","",,FALSE
"15_dados_historicos","ln_forca_publica_1920_z","ln.forcapub.1920.sd","ln.forcapub.1920.sd","Valor do Número de funcionários da Força Pública em 1920 em log e estandardizado (0-1)","log","log","double","","double",0.981,5444,0,1,0,"media",FALSE,"inferência de escala/unidade a confirmar","Pontos; 'forcapub' (forca publica) nao explicado","renomear","",,FALSE
"15_dados_historicos","ln_ferrovia_1920_z","ln.rail1920.sd","ln.rail1920.sd","Valor do número de redes ferroviárias em 1920 em log e estandardizado (0-1)","log","log","double","","double",0.981,3065,0,1,0,"media",FALSE,"inferência de escala/unidade a confirmar","Pontos, termo em INGLES (rail) no meio de uma base em portugues e ano colado","renomear","",,FALSE
"15_dados_historicos","id_amc_1920","amc1920","amc1920","Área mínima comparável 1920","texto","categorica","character","","character",0.981,952,,,0,"alta",TRUE,"tipo declarado 'double' divergia do real 'character'","Sem separador entre conceito e ano, sem prefixo id_; e chave estrangeira para uma malha (952 AMCs, formato '17AMC2097003') que nao existe em nenhuma outra tabela da base","renomear","",,FALSE
"15_dados_historicos","ln_distancia_litoral_km_z","ln.dist.coast.sd","ln.dist.coast.sd","Valor da distância do município em relação à costa em log e estandardizado (0-1)","log","log","double","","double",0.981,5477,0,1,0,"media",FALSE,"inferência de escala/unidade a confirmar","Pontos e termos em ingles (dist, coast); sem unidade da distancia","renomear","",,FALSE
"15_dados_historicos","ln_distancia_capital_estadual_km_z","ln.dist.capital.sd","ln.dist.capital.sd","Valor da distância do município em relação à capital em log e estandardizado (0-1)","log","log","double","","double",0.981,5479,0,1,0,"media",FALSE,"inferência de escala/unidade a confirmar","Pontos e termos em ingles; nao diz se e capital estadual ou federal","renomear","",,FALSE
"15_dados_historicos","ano_fundacao_estimado","estimativa_ano_fundacao","estimativa_ano_fundacao","Estimativa de ano fundação intercenso. Ou seja, se o município não existia no Censo de 2000 e passa a ser contado em 2010, o valor é 2010.","codigo","identificador","double","","double",0.043,13,1872,2010,0,"alta",FALSE,"","Colide semanticamente com a coluna 'ano' da chave do painel; e a segunda coluna de ano com significado incompativel na base larga","renomear","",,FALSE
"16_eleicoes","total_aptos_prefeitura","total_aptos_prefeitura","total_aptos_prefeitura","Total eleitores aptos disputa majoritária municipal (prefeitura)","contagem","contagem","double","[0,Inf]","double",25.955,18975,741,8986687,0,"media",FALSE,"inferência de escala/unidade a confirmar","","manter","",,FALSE
"16_eleicoes","total_comparecimento_prefeitura","total_comparecimento_prefeitura","total_comparecimento_prefeitura","Total comparecimento prefeitura","contagem","contagem","double","[0,Inf]","double",25.955,17564,605,7026448,0,"media",FALSE,"inferência de escala/unidade a confirmar","","manter","",,FALSE
"16_eleicoes","comparecimento_prefeito_pct","proporcao_comparecimento_prefeitura","proporcao_comparecimento_prefeitura","Proporção comparecimento prefeitura","percentual","0-100","double","[0,100]","double",25.955,32980,16.56403,99.369263,0,"alta",FALSE,"","Prefixo 'proporcao' com escala 0-100 (16,56 a 99,37) e sufixo de cargo divergente. E uma das colunas consumidas por scripts/artigo","renomear","",,FALSE
"16_eleicoes","proporcao_votos_brancos_prefeito_pct","proporcao_votos_nulos_prefeitura","proporcao_votos_nulos_prefeitura","Proporção Votos Nulos Prefeitura","percentual","0-100","double","[0,100]","double",25.955,31092,0.05235602,39.003147,0,"alta",FALSE,"","O NOME NAO CORRESPONDE AO CONTEUDO: contem votos BRANCOS (mediana 1,264), efeito do rename duplicado em eleicoes_municipais.R:337-338. Publicado assim","renomear","",,FALSE
"16_eleicoes","proporcao_votos_nulos_prefeito_pct","proporcao_votos_nulos","proporcao_votos_nulos","Proporção Votos Brancos Prefeitura","percentual","0-100","double","[0,100]","double",25.955,32531,0.36917397,98.089912,0,"alta",FALSE,"","Unica coluna da dimensao sem sufixo de cargo (e do pleito de prefeito) e carrega o conteudo trocado com a coluna anterior (mediana 4,455 = nulos)","renomear","",,FALSE
"16_eleicoes","turno","turno","turno","Turno da eleição","","","double","","double",25.955,1,1,1,0,"baixa",TRUE,"inferência de escala/unidade incerta","Nome generico com valor CONSTANTE 1, sem indicar cargo - coluna sem variancia publicada","remover","",,FALSE
"16_eleicoes","nep_prefeitura","nep_prefeitura","NEP_prefeitura","Número efetivo de partidos - eleições prefeitura (Laakso e Taagepera 1979) ","indice","indice","double","","double",25.957,32038,1,9.24550227388304,0,"baixa",TRUE,"inferência de escala/unidade incerta","","manter","",,FALSE
"16_eleicoes","fracionalizacao_prefeitura","fracionalizacao_prefeitura","fracionalizacao_prefeitura","Fracionalização Prefeitura (Rae 1971)","indice","indice","double","","double",25.957,32038,0,0.891839299761482,0,"baixa",TRUE,"inferência de escala/unidade incerta","","manter","",,FALSE
"16_eleicoes","total_aptos_camara_vereadores","total_aptos_camara_vereadores","total_aptos_camara_vereadores","Total eleitores aptos disputa proporcional municipal (Câmara de Vereadores)","contagem","contagem","double","[0,Inf]","double",25.973,18968,741,8986687,0,"media",FALSE,"inferência de escala/unidade a confirmar","","manter","",,FALSE
"16_eleicoes","total_comparecimento_camara_vereadores","total_comparecimento_camara_vereadores","total_comparecimento_camara_vereadores","Total comparecimento Câmara de Vereadores","contagem","contagem","double","[0,Inf]","double",25.973,17553,605,7026448,0,"media",FALSE,"inferência de escala/unidade a confirmar","","manter","",,FALSE
"16_eleicoes","comparecimento_camara_pct","proporcao_comparecimento_camara_vereadores","proporcao_comparecimento_camara_vereadores","Proporção comparecimento Câmara de Vereadores","percentual","0-100","double","[0,100]","double",25.973,32971,16.56403,99.369263,0,"alta",FALSE,"","Mesma inconsistencia de escala (0-100 sob prefixo 'proporcao'). E uma das colunas consumidas por scripts/artigo","renomear","",,FALSE
"16_eleicoes","proporcao_votos_brancos_camara_vereadores","proporcao_votos_brancos_camara_vereadores","proporcao_votos_brancos_camara_vereadores","Proporção Votos Brancos Câmara de Vereadores","percentual","0-100","double","[0,100]","double",25.973,31152,0,19.446672,0,"alta",FALSE,"","","manter","",,FALSE
"16_eleicoes","proporcao_votos_nulos_camara_vereadores","proporcao_votos_nulos_camara_vereadores","proporcao_votos_nulos_camara_vereadores","Proporção Votos Nulos Câmara de Vereadores","percentual","0-100","double","[0,100]","double",25.973,32216,0.1320132,55.405205,0,"alta",FALSE,"","","manter","",,FALSE
"16_eleicoes","nep_camara_vereadores","nep_camara_vereadores","NEP_camara_vereadores","Número efetivo de partidos - eleições Câmara de Vereadores","indice","indice","double","","double",25.973,33349,1,23.9677802321103,0,"baixa",TRUE,"inferência de escala/unidade incerta","","manter","",,FALSE
"16_eleicoes","fracionalizacao_camara_vereadores","fracionalizacao_camara_vereadores","fracionalizacao_camara_vereadores","Fracionalização Câmara de Vereadores","indice","indice","double","","double",25.973,33349,0,0.958277321040341,0,"baixa",TRUE,"inferência de escala/unidade incerta","","manter","",,FALSE
"16_eleicoes","ano_eleicao","ano_eleicao","ano_eleicao","","codigo","identificador","double","","double",25.955,6,2000,2020,0,"alta",TRUE,"sem descrição no legado","Mesmo nome definido em duas dimensoes juntadas na mesma base (dim 17 e dim 7, Script Producao Banco de Dados Municipal.R:1224) e redefinido por consumidor em 5 Analise Exploratoria/Desastres.R:56. E u","renomear","",,FALSE
"16_eleicoes","nome_urna_prefeito_eleito","prefeito_eleito","prefeito_eleito","Nome do prefeito eleito","texto","categorica","character","","character",27.311,20834,,,0,"alta",TRUE,"tipo declarado 'double' divergia do real 'character'","Guarda NM_URNA_CANDIDATO (nome de urna), nao o nome civil; o dicionario diz apenas 'Nome do prefeito eleito'","renomear","",,FALSE
"16_eleicoes","sigla_partido_prefeito_eleito","partido","partido","Partido do prefeito eleito","texto","categorica","character","","character",27.311,47,,,0,"alta",TRUE,"tipo declarado 'double' divergia do real 'character'","Generico: e o partido do PREFEITO eleito, mas nada no nome diz isso; colide com partido_segundo_colocado e sg_partido_governador_eleito","renomear","",,FALSE
"16_eleicoes","numero_tse_partido_prefeito_eleito","numero_partido","numero_partido","Número do partido do prefeito eleito","","","double","","double",27.311,35,10,90,0,"baixa",TRUE,"inferência de escala/unidade incerta","E o codigo TSE do partido do prefeito; o tipo integer sugere quantidade e o nome nao distingue de numero_segundo_colocado","renomear","",,FALSE
"16_eleicoes","votos_prefeito_eleito_prop","pct_votos_eleito","pct_votos_eleito","% votos prefeito eleito","proporcao","0-1","double","[0,1]","double",27.311,31190,0.182293089868677,1,0,"alta",FALSE,"","Sem sufixo de cargo e prefixo pct_ com escala 0-1 (0. Funcoes.Rmd:87), enquanto pct_votos_governador_* esta em 0-100","renomear","",,FALSE
"16_eleicoes","partido_segundo_colocado","partido_segundo_colocado","partido_segundo_colocado","Partido do segundo colocado","texto","categorica","character","","character",27.311,51,,,0,"alta",TRUE,"tipo declarado 'double' divergia do real 'character'","","manter","",,FALSE
"16_eleicoes","numero_tse_partido_segundo_colocado","numero_segundo_colocado","numero_segundo_colocado","Nº do partido do segundo colocado","","","double","","double",29.94,37,10,90,0,"baixa",TRUE,"inferência de escala/unidade incerta","Idem: codigo TSE tipado como integer, nome sugere quantidade","renomear","",,FALSE
"16_eleicoes","votos_segundo_colocado_prefeito_prop","pct_votos_segundo_colocado","pct_votos_segundo_colocado","% Votos do segundo colocado","proporcao","0-1","double","[0,1]","double",29.94,31189,0,0.5,0,"alta",FALSE,"","Mesmo defeito: pct_ em escala 0-1, sem cargo","renomear","",,FALSE
"16_eleicoes","margem_votos","margem_votos","margem_votos","Diferença de votos entre prefeito eleito e segundo colocado","indice","indice","double","","double",29.94,6929,0,2117997,0,"baixa",TRUE,"inferência de escala/unidade incerta","","manter","",,FALSE
"16_eleicoes","margem_pct","margem_pct","margem_pct","Diferença entre % de votos de eleitos","proporcao","0-1","double","[0,1]","double",29.94,31167,0,1,0,"alta",FALSE,"","","manter","",,FALSE
"16_eleicoes","sg_partido_governador_eleito","sg_partido_governador_eleito","sg_partido_governador_eleito","Sigla Partido Governador Eleito","texto","categorica","character","","character",27.311,24,,,0,"alta",FALSE,"","","manter","",,FALSE
"16_eleicoes","sigla_partido_governador_segundo_colocado","sg_partido_governador_segundo_lugar","sg_partido_governador_segundo_lugar","","texto","categorica","character","","character",27.311,25,,,0,"alta",TRUE,"sem descrição no legado","'segundo_lugar' contra 'segundo_colocado' para o mesmo conceito na MESMA tabela; prefixo sg_ do TSE preservado","renomear","",,FALSE
"16_eleicoes","composicao_coligacao_governador_eleito","composicao_coligacao_governador_eleito","composicao_coligacao_governador_eleito","","texto","categorica","character","","character",27.311,156,,,0,"alta",TRUE,"sem descrição no legado","","manter","",,FALSE
"16_eleicoes","composicao_coligacao_governador_segundo_lugar","composicao_coligacao_governador_segundo_lugar","composicao_coligacao_governador_segundo_lugar","","texto","categorica","character","","character",27.311,150,,,0,"alta",TRUE,"sem descrição no legado","","manter","",,FALSE
"16_eleicoes","nm_urna_governador_eleito","nm_urna_governador_eleito","nm_urna_governador_eleito","","texto","categorica","character","","character",27.311,112,,,0,"alta",TRUE,"sem descrição no legado","","manter","",,FALSE
"16_eleicoes","nm_urna_governador_segundo_lugar","nm_urna_governador_segundo_lugar","nm_urna_governador_segundo_lugar","","texto","categorica","character","","character",27.311,142,,,0,"alta",TRUE,"sem descrição no legado","","manter","",,FALSE
"16_eleicoes","votos_governador_eleito_pct","pct_votos_governador_eleito","pct_votos_governador_eleito","","percentual","0-100","double","[0,100]","double",33.45,156,26.1937199565592,82.836277517183,0,"alta",TRUE,"sem descrição no legado","Prefixo pct_ em escala 0-100 (0. Funcoes.Rmd:317), contradizendo pct_votos_eleito no mesmo painel","renomear","",,FALSE
"16_eleicoes","pct_votos_governador_segundo_lugar","pct_votos_governador_segundo_lugar","pct_votos_governador_segundo_lugar","","percentual","0-100","double","[0,100]","double",33.45,156,11.0578240931276,49.4824579022891,0,"alta",TRUE,"sem descrição no legado","","manter","",,FALSE
"16_eleicoes","flag_alinhamento_partidario_governador","alinhado_partido_governador","alinhado_partido_governador","Prefeito é do mesmo partido que governador?","booleano","binaria","double","[0,1]","double",33.45,2,0,1,0,"alta",FALSE,"","Flag sem prefixo de tipo; a variante documentada alinhado_coalizao_governador e calculada (2.Criando:152-156) e nunca chega a base","renomear","",,FALSE
